assignedOlHex1,assignedOlHex2,bodyId,flywireType,group,instance,somaSide,statusLabel,superclass,type,vfbId,hemibrainType,itoleeHl,supertype,birthtime,mancBodyid,mancGroup,mancType,subclass,synonyms,class,rootSide,somaNeuromere,trumanHl,dimorphism,matchingNotes,entryNerve,mancSerial,mcnsSerial,serialMotif,fruDsx,exitNerve,receptorType,somaLocation,tosomaLocation,status,leg_group,in_graph,from_L2_hops,reachable_from_L2
,,800061,,800061.0,Tergopleural/Pleural promotor MN_L,L,Reviewed,vnc_motor,Tergopleural/Pleural promotor MN,VFB_jrmc0nm6,,,,early,12686.0,12686.0,Tergopleural/Pleural promotor MN,fl,,,,T1,TBD,,,,,,,,DProN,,[63010 54630 66030],,Traced,front,True,3,True
,,800158,,800158.0,Ti extensor MN_R,R,Reviewed,vnc_motor,Ti extensor MN,VFB_jrmc0nmu,,,,early,10462.0,10347.0,Ti extensor MN,hl,,,,T3,TBD,,,,10347.0,800158.0,,,MetaLN,,[ 41470  49986 126758],,Traced,hind,True,3,True
,,800175,,800175.0,Pleural remotor/abductor MN_L,L,Reviewed,vnc_motor,Pleural remotor/abductor MN,VFB_jrmc1kny,,,,,18286.0,,Pleural remotor/abductor MN,hl,,,,T3,TBD,,,,,,,,MetaLN,,[ 60493  53696 125814],,Traced,hind,True,3,True
,,800230,,800230.0,MNml82_R,R,Reviewed,vnc_motor,MNml82,VFB_jrmc20lq,,,,,13746.0,,MNml82,ml,,,,T2,15B,,,,,,,,MesoLN,,[40856 63252 89996],,Traced,middle,True,3,True
,,800290,,800290.0,Pleural remotor/abductor MN_R,R,Reviewed,vnc_motor,Pleural remotor/abductor MN,VFB_jrmc1knz,,,,,14596.0,,Pleural remotor/abductor MN,hl,,,,T3,TBD,,,,,,,,MetaLN,,[ 38351  53003 122188],,Traced,hind,True,3,True
,,800316,,800316.0,Sternal anterior rotator MN,R,Reviewed,vnc_motor,Sternal anterior rotator MN,VFB_jrmc1a6y,,,,early,11562.0,11562.0,Sternal anterior rotator MN,hl,,,,T3,TBD,,,,11022.0,800316.0,,,MetaLN,,[ 38890  54974 122950],,Traced,hind,True,3,True
,,800358,,800358.0,MNhl64_R,R,Reviewed,vnc_motor,MNhl64,VFB_jrmc20kq,,,,,13740.0,13740.0,MNhl64,hl,,,,T3,TBD,,,,,,,,MetaLN,,[ 41846  59237 124203],,Traced,hind,True,3,True
,,800504,,800504.0,Sternotrochanter MN_L,L,Reviewed,vnc_motor,Sternotrochanter MN,VFB_jrmc1a81,,,,early,152642.0,152621.0,Sternotrochanter MN,hl,,,,T3,17X,,,,18006.0,800504.0,,,MetaLN,,[ 59840  46733 117984],,Traced,hind,True,3,True
,,800541,,800541.0,Pleural remotor/abductor MN_L,L,Reviewed,vnc_motor,Pleural remotor/abductor MN,VFB_jrmc1knt,,,,early,219853.0,17091.0,Pleural remotor/abductor MN,ml,,,,T2,TBD,,,,13628.0,800541.0,,,MesoLN,,[61252 64068 91318],,Traced,middle,True,3,True
,,800553,,800175.0,Pleural remotor/abductor MN_R,R,Reviewed,vnc_motor,Pleural remotor/abductor MN,VFB_jrmc1knx,,,,,15262.0,,Pleural remotor/abductor MN,hl,,,,T3,TBD,,,,,,,,MetaLN,,[ 38550  53844 123274],,Traced,hind,True,3,True
,,800578,,800578.0,Fe reductor MN_L,L,Reviewed,vnc_motor,Fe reductor MN,VFB_jrmc2t97,,,,,14020.0,12113.0,Fe reductor MN,hl,,,,T3,24B.25B,,,,11226.0,,,,MetaLN,,[ 60512  55148 125488],,Traced,hind,True,3,True
,,800589,,800589.0,Tr flexor MN_L,L,Reviewed,vnc_motor,Tr flexor MN,VFB_jrmc06xo,,,,,13817.0,,Tr flexor MN,ml,,,,T2,24B.25B,,,,,,,,MesoLN,,[62416 58606 89296],,Traced,middle,True,3,True
,,800621,,800621.0,Ti extensor MN_L,L,Reviewed,vnc_motor,Ti extensor MN,VFB_jrmc0nmp,,,,early,13075.0,13006.0,Ti extensor MN,hl,,,,T3,TBD,,,,10737.0,800621.0,,,MetaLN,,[ 61477  61803 119104],,Traced,hind,True,3,True
,,800636,,800636.0,Ti extensor MN_L,L,Reviewed,vnc_motor,Ti extensor MN,VFB_jrmc0nmk,,,,early,12704.0,11706.0,Ti extensor MN,fl,,,,T1,TBD,,,,10737.0,800621.0,,,ProLN,,[56141 54864 61900],,Traced,front,True,3,True
,,800776,,800776.0,Pleural remotor/abductor MN_R,R,Reviewed,vnc_motor,Pleural remotor/abductor MN,VFB_jrmc1ko4,,,,early,41482.0,41482.0,Pleural remotor/abductor MN,ml,,,,T2,TBD,,,,12096.0,800776.0,,,MesoLN,,[36226 59650 86791],,Traced,middle,True,3,True
,,800851,,800851.0,Sternotrochanter MN_L,L,Reviewed,vnc_motor,Sternotrochanter MN,VFB_jrmc1a82,,,,early,157432.0,152621.0,Sternotrochanter MN,hl,,,,T3,17X,,,,18006.0,800504.0,,,MetaLN,,[ 56544  46376 107660],,Traced,hind,True,3,True
,,800911,,800911.0,Ti extensor MN_L,L,Reviewed,vnc_motor,Ti extensor MN,VFB_jrmc0nms,,,,early,,10737.0,Ti extensor MN,ml,,,,T2,TBD,,,,10737.0,800621.0,,,MesoLN,,[63084 59628 86327],,Traced,middle,True,3,True
,,800962,,800962.0,Sternal posterior rotator MN_R,R,Reviewed,vnc_motor,Sternal posterior rotator MN,VFB_jrmc1a7q,,,,early,16035.0,49886.0,Sternal posterior rotator MN,ml,,,,T2,20B.21B.22B,,,,11400.0,800962.0,,,MesoLN,,[ 39990  62722 108655],,Traced,middle,True,3,True
,,801057,,801057.0,Tr flexor MN_R,R,Reviewed,vnc_motor,Tr flexor MN,VFB_jrmc06y0,,,,,15006.0,15006.0,Tr flexor MN,ml,,,,T2,24B.25B,,,,15006.0,,,,MesoLN,,[37282 59562 90021],,Traced,middle,True,3,True
,,801058,,801057.0,Tr flexor MN_R,R,Reviewed,vnc_motor,Tr flexor MN,VFB_jrmc06xz,,,,,10461.0,15006.0,Tr flexor MN,ml,,,,T2,24B.25B,,,,15006.0,,,,MesoLN,,[36532 58506 88054],,Traced,middle,True,3,True
,,801079,,801079.0,Sternotrochanter MN_R,R,Reviewed,vnc_motor,Sternotrochanter MN,VFB_jrmc1a89,,,,early,18440.0,18006.0,Sternotrochanter MN,fl,,,,T1,17X,,,,18006.0,800504.0,,,VProN,,[41266 49570 70858],,Traced,front,True,3,True
,,801090,,800851.0,Sternotrochanter MN_R,R,Reviewed,vnc_motor,Sternotrochanter MN,VFB_jrmc1a7x,,,,early,152620.0,152621.0,Sternotrochanter MN,hl,,,,T3,17X,,,,18006.0,800504.0,,,MetaLN,,[ 42120  45428 119222],,Traced,hind,True,3,True
,,801148,,800504.0,Sternotrochanter MN_R,R,Reviewed,vnc_motor,Sternotrochanter MN,VFB_jrmc1a7z,,,,early,152621.0,152621.0,Sternotrochanter MN,hl,,,,T3,17X,,,,18006.0,800504.0,,,MetaLN,,[ 41924  46001 122173],,Traced,hind,True,3,True
,,801173,,801173.0,Tergopleural/Pleural promotor MN_L,L,Reviewed,vnc_motor,Tergopleural/Pleural promotor MN,VFB_jrmc0nm4,,,,early,19319.0,12628.0,Tergopleural/Pleural promotor MN,fl,,,,T1,TBD,,,,,,,,DProN,,[59114 52504 65932],,Traced,front,True,3,True
,,801234,,801234.0,Ti extensor MN_L,L,Reviewed,vnc_motor,Ti extensor MN,VFB_jrmc0nmn,,,,early,11115.0,10461.0,Ti extensor MN,ml,,,,T2,TBD,,,,10347.0,800158.0,,,MesoLN,,[ 60518  66772 101642],,Traced,middle,True,3,True
,,801267,,801267.0,MNhl02_R,R,Reviewed,vnc_motor,MNhl02,VFB_jrmc20kg,,,,early,11274.0,11274.0,MNhl02,hl,,,,T3,TBD,,,,11274.0,801267.0,,,AbN1,,[ 39057  56137 123480],,Traced,hind,True,3,True
,,801335,,801335.0,MNhl59_R,R,Reviewed,vnc_motor,MNhl59,VFB_jrmc20kk,,,,early,13543.0,11809.0,MNhl59,hl,,,,T3,TBD,,,,,,,,MetaLN,,[ 38148  54693 119660],,Traced,hind,True,3,True
,,801375,,801375.0,Sternotrochanter MN_R,R,Reviewed,vnc_motor,Sternotrochanter MN,VFB_jrmc1a80,,,,early,13069.0,13069.0,Sternotrochanter MN,hl,,,,T3,TBD,,,,13069.0,801375.0,,,MetaLN,,[ 40118  56947 125546],,Traced,hind,True,3,True
,,801469,,801469.0,Sternal anterior rotator MN_R,R,Reviewed,vnc_motor,Sternal anterior rotator MN,VFB_jrmc1a77,,,,,16209.0,,Sternal anterior rotator MN,fl,,,,T1,TBD,,,,,,,,VProN,,[38422 51420 69498],,Traced,front,True,3,True
,,801477,,801477.0,MNml81_R,R,Reviewed,vnc_motor,MNml81,VFB_jrmc20ln,,,,,14828.0,13036.0,MNml81,ml,,,,T2,TBD,,,,13036.0,,,,MesoLN,,[39204 62617 86744],,Traced,middle,True,3,True
,,801492,,801492.0,Sternal posterior rotator MN_L,L,Reviewed,vnc_motor,Sternal posterior rotator MN,VFB_jrmc1a7j,,,,,14168.0,,Sternal posterior rotator MN,hl,,,,T3,20B.21B.22B,,,,,,,,MetaLN,,[ 58263  49786 125434],,Traced,hind,True,3,True
,,801548,,801548.0,Sternal anterior rotator MN_L,L,Reviewed,vnc_motor,Sternal anterior rotator MN,VFB_jrmc1a70,,,,early,18471.0,11022.0,Sternal anterior rotator MN,hl,,,,T3,TBD,,,,11022.0,800316.0,,,MetaLN,,[ 59903  61866 118685],,Traced,hind,True,3,True
,,801637,,,Acc. ti flexor MN_R,R,Reviewed,vnc_motor,Acc. ti flexor MN,VFB_jrmc3jfu,,,,,15550.0,,Acc. ti flexor MN,hl,,,,T3,15B,,,,,,,,MetaLN,,[ 39925  57768 124892],,Traced,hind,True,3,True
,,801685,,801685.0,Sternotrochanter MN_L,L,Reviewed,vnc_motor,Sternotrochanter MN,VFB_jrmc1a83,,,,early,100515.0,20615.0,Sternotrochanter MN,fl,,,,T1,TBD,,,,13069.0,801375.0,,,VProN,,[62480 57918 65116],,Traced,front,True,3,True
,,801693,,801693.0,Fe reductor MN_R,R,Reviewed,vnc_motor,Fe reductor MN,VFB_jrmc2t8y,,,,,16633.0,16633.0,Fe reductor MN,hl,,,,T3,24B.25B,,,,14949.0,,,,MetaLN,,[ 40356  58928 121298],,Traced,hind,True,3,True
,,801715,,801492.0,Sternal posterior rotator MN_L,L,Reviewed,vnc_motor,Sternal posterior rotator MN,VFB_jrmc1a7k,,,,,18286.0,,Sternal posterior rotator MN,hl,,,,T3,20B.21B.22B,,,,,,,,MetaLN,,[ 54193  55640 127505],,Traced,hind,True,3,True
,,801721,,,Tr flexor MN_R,R,Reviewed,vnc_motor,Tr flexor MN,VFB_jrmc06xi,,,,,41439.0,,Tr flexor MN,hl,,,,T3,24B.25B,,,,,,,,MetaLN,,[ 39160  53498 124170],,Traced,hind,True,3,True
,,801736,,801736.0,MNhl62_L,L,Reviewed,vnc_motor,MNhl62,VFB_jrmc20ko,,,,early,11813.0,17970.0,MNhl62,hl,,,,T3,TBD,,,,,,,,AbN1,,[ 58908  62688 118196],,Traced,hind,True,3,True
,,801761,,801761.0,Sternal posterior rotator MN_R,R,Reviewed,vnc_motor,Sternal posterior rotator MN,VFB_jrmc1a7n,,,,early,12196.0,49886.0,Sternal posterior rotator MN,ml,,,,T2,20B.21B.22B,,,,11400.0,800962.0,,,MesoLN,,[ 39495  61656 108388],,Traced,middle,True,3,True
,,801768,,801761.0,Sternal posterior rotator MN_L,L,Reviewed,vnc_motor,Sternal posterior rotator MN,VFB_jrmc1a7r,,,,early,15883.0,49886.0,Sternal posterior rotator MN,ml,,,,T2,20B.21B.22B,,,,11400.0,800962.0,,,MesoLN,,[ 60998  62602 107198],,Traced,middle,True,3,True
,,801813,,801813.0,Sternal anterior rotator MN_R,R,Reviewed,vnc_motor,Sternal anterior rotator MN,VFB_jrmc1a72,,,,early,102786.0,16295.0,Sternal anterior rotator MN,ml,,,,T2,TBD,,,,11022.0,800316.0,,,MesoLN,,[37292 57354 85998],,Traced,middle,True,3,True
,,801824,,801173.0,Tergopleural/Pleural promotor MN_R,R,Reviewed,vnc_motor,Tergopleural/Pleural promotor MN,VFB_jrmc0nm5,,,,early,11706.0,12628.0,Tergopleural/Pleural promotor MN,fl,,,,T1,TBD,,,,,,,,DProN,,[40038 47705 75641],,Traced,front,True,3,True
,,801915,,,Sternal posterior rotator MN_L,L,Reviewed,vnc_motor,Sternal posterior rotator MN,VFB_jrmc1a7t,,,,early,19667.0,13942.0,Sternal posterior rotator MN,fl,,,,T1,20B.21B.22B,,,,11400.0,800962.0,,,ProAN,,[62838 61748 82046],,Traced,front,True,3,True
,,801918,,801918.0,Sternal anterior rotator MN_R,R,Reviewed,vnc_motor,Sternal anterior rotator MN,VFB_jrmc1a74,,,,,13300.0,,Sternal anterior rotator MN,fl,,,,T1,TBD,,,,,,,,VProN,,[41127 50932 68930],,Traced,front,True,3,True
,,801932,,,,R,Reviewed,vnc_motor,,VFB_jrmc3krb,,,,,12758.0,,,hl,,,,T3,,,,,,,,,MetaLN,,[ 40554  58128 125266],,Traced,hind,True,3,True
,,801946,,801946.0,Sternal anterior rotator MN_R,R,Reviewed,vnc_motor,Sternal anterior rotator MN,VFB_jrmc1a76,,,,early,24669.0,20119.0,Sternal anterior rotator MN,ml,,,,T2,TBD,,,,11022.0,800316.0,,,MesoLN,,[37166 53633 87841],,Traced,middle,True,3,True
,,802072,,800061.0,Tergopleural/Pleural promotor MN_R,R,Reviewed,vnc_motor,Tergopleural/Pleural promotor MN,VFB_jrmc0nm7,,,,early,12628.0,12686.0,Tergopleural/Pleural promotor MN,fl,,,,T1,TBD,,,,,,,,DProN,,[39002 48321 76214],,Traced,front,True,3,True
,,802215,,800316.0,Sternal anterior rotator MN,L,Reviewed,vnc_motor,Sternal anterior rotator MN,VFB_jrmc1a6z,,,,early,164741.0,11562.0,Sternal anterior rotator MN,hl,,,,T3,TBD,,,,11022.0,800316.0,,,MetaLN,,[ 62108  60748 120545],,Traced,hind,True,3,True
,,802232,,800589.0,Tr flexor MN_L,L,Reviewed,vnc_motor,Tr flexor MN,VFB_jrmc06xp,,,,,13817.0,,Tr flexor MN,ml,,,,T2,24B.25B,,,,,,,,MesoLN,,[62848 56054 88340],,Traced,middle,True,3,True
,,802295,,802295.0,Ti flexor MN_L,L,Reviewed,vnc_motor,Ti flexor MN,VFB_jrmc0nnu,,,,,15623.0,15623.0,Ti flexor MN,ml,,,,T2,15B,,,,13192.0,,,,MesoLN,,[61639 63114 90983],,Traced,middle,True,3,True
,,802361,,801079.0,Sternotrochanter MN_L,L,Reviewed,vnc_motor,Sternotrochanter MN,VFB_jrmc1a88,,,,early,18579.0,18006.0,Sternotrochanter MN,fl,,,,T1,17X,,,,18006.0,800504.0,,,VProN,,[56106 54232 64876],,Traced,front,True,3,True
,,802407,,802407.0,Sternotrochanter MN_L,L,Reviewed,vnc_motor,Sternotrochanter MN,VFB_jrmc1a87,,,,early,166392.0,18716.0,Sternotrochanter MN,ml,,,,T2,TBD,,,,13069.0,801375.0,,,MesoLN,,[60208 62720 86451],,Traced,middle,True,3,True
,,802509,,802509.0,Pleural remotor/abductor MN_L,L,Reviewed,vnc_motor,Pleural remotor/abductor MN,VFB_jrmc1ko2,,,,early,12096.0,16419.0,Pleural remotor/abductor MN,fl,,,,T1,TBD,,,,12096.0,800776.0,,,ProAN,,[60244 55726 64098],,Traced,front,True,3,True
,,802521,,802521.0,Sternal posterior rotator MN_R,R,Reviewed,vnc_motor,Sternal posterior rotator MN,VFB_jrmc1a7o,,,,early,10305.0,,Sternal posterior rotator MN,ml,,,,T2,20B.21B.22B,,,,,,,,MesoLN,,[ 40924  63136 107278],,Traced,middle,True,3,True
,,802552,,802552.0,Tergotr. MN_L,L,Reviewed,vnc_motor,Tergotr. MN,VFB_jrmc0nm9,,,,,19652.0,,Tergotr. MN,fl,,,,T1,TBD,,,,,,,,VProN,,[58904 54979 62462],,Traced,front,True,3,True
,,802731,,801335.0,MNhl59_L,L,Reviewed,vnc_motor,MNhl59,VFB_jrmc20kj,,,,early,11809.0,11809.0,MNhl59,hl,,,,T3,TBD,,,,,,,,MetaLN,,[ 61829  60513 119397],,Traced,hind,True,3,True
,,802864,,802864.0,Sternotrochanter MN_R,R,Reviewed,vnc_motor,Sternotrochanter MN,VFB_jrmc1a84,,,,early,11297.0,19094.0,Sternotrochanter MN,ml,,,,T2,17X,,,,18006.0,800504.0,,,MesoLN,,[38578 45808 88463],,Traced,middle,True,3,True
,,802964,,801492.0,Sternal posterior rotator MN_L,L,Reviewed,vnc_motor,Sternal posterior rotator MN,VFB_jrmc1a7l,,,,,15278.0,,Sternal posterior rotator MN,hl,,,,T3,20B.21B.22B,,,,,,,,MetaLN,,[ 58910  50156 126656],,Traced,hind,True,3,True
,,803072,,803072.0,Ti flexor MN_R,R,Reviewed,vnc_motor,Ti flexor MN,VFB_jrmc0nns,,,,early,18491.0,12585.0,Ti flexor MN,hl,,,,T3,15B,,,,10710.0,,,,MetaLN,,[ 41562  58452 124740],,Traced,hind,True,3,True
,,803086,,803086.0,MNml29_L,L,Reviewed,vnc_motor,MNml29,VFB_jrmc20l4,,,,,19773.0,12196.0,MNml29,ml,,,,T2,24B.25B,,,,12196.0,,,,MesoLN,,[59906 62379 89462],,Traced,middle,True,3,True
,,803147,,,Ti flexor MN_L,L,Reviewed,vnc_motor,Ti flexor MN,VFB_jrmc0nn1,,,,,176866.0,,Ti flexor MN,hl,,,,T3,15B,,,,,,,,MetaLN,,[ 59861  59967 123613],,Traced,hind,True,3,True
,,803226,,800962.0,Sternal posterior rotator MN_L,L,Reviewed,vnc_motor,Sternal posterior rotator MN,VFB_jrmc1a7s,,,,early,49886.0,49886.0,Sternal posterior rotator MN,ml,,,,T2,20B.21B.22B,,,,11400.0,800962.0,,,MesoLN,,[ 60132  64131 106249],,Traced,middle,True,3,True
,,803237,,802552.0,Tergotr. MN_L,L,Reviewed,vnc_motor,Tergotr. MN,VFB_jrmc0nmf,,,,,166309.0,19443.0,Tergotr. MN,fl,,,,T1,17X,,,,13434.0,,,,VProN,,[62806 54902 64838],,Traced,front,True,3,True
,,803314,,802509.0,Pleural remotor/abductor MN_R,R,Reviewed,vnc_motor,Pleural remotor/abductor MN,VFB_jrmc1knv,,,,early,16419.0,16419.0,Pleural remotor/abductor MN,fl,,,,T1,TBD,,,,12096.0,800776.0,,,ProAN,,[41766 57974 66514],,Traced,front,True,3,True
,,803412,,803412.0,Tr extensor MN_L,L,Reviewed,vnc_motor,Tr extensor MN,VFB_jrmc06wv,,,,early,11657.0,14536.0,Tr extensor MN,fl,,,,T1,TBD,,,,10866.0,803412.0,,,ProAN,,[58037 54284 62943],,Traced,front,True,3,True
,,803480,,800230.0,MNml82_L,L,Reviewed,vnc_motor,MNml82,VFB_jrmc20lp,,,,,101909.0,,MNml82,ml,,,,T2,15B,,,,,,,,MesoLN,,[59328 63472 90050],,Traced,middle,True,3,True
,,803499,,800541.0,Pleural remotor/abductor MN_R,R,Reviewed,vnc_motor,Pleural remotor/abductor MN,VFB_jrmc1ko0,,,,early,19206.0,17091.0,Pleural remotor/abductor MN,ml,,,,T2,TBD,,,,13628.0,800541.0,,,MesoLN,,[37562 60524 91970],,Traced,middle,True,3,True
,,803523,,803523.0,ltm1-tibia MN_R,R,Reviewed,vnc_motor,ltm1-tibia MN,VFB_jrmc02u3,,,,,19758.0,,ltm1-tibia MN,ml,,,,T2,15B,,,,13241.0,858248.0,,,MesoLN,,[37960 61984 89718],,Traced,middle,True,3,True
,,803698,,801685.0,Sternotrochanter MN_R,R,Reviewed,vnc_motor,Sternotrochanter MN,VFB_jrmc1a7w,,,,early,13819.0,20615.0,Sternotrochanter MN,fl,,,,T1,TBD,,,,13069.0,801375.0,,,VProN,,[43399 56223 65602],,Traced,front,True,3,True
,,803704,,802521.0,Sternal posterior rotator MN_L,L,Reviewed,vnc_motor,Sternal posterior rotator MN,VFB_jrmc1a7f,,,,early,154769.0,,Sternal posterior rotator MN,ml,,,,T2,20B.21B.22B,,,,,,,,MesoLN,,[ 60812  61458 107442],,Traced,middle,True,3,True
,,803803,,803803.0,Pleural remotor/abductor MN_L,L,Reviewed,vnc_motor,Pleural remotor/abductor MN,VFB_jrmc1ko3,,,,early,13628.0,13628.0,Pleural remotor/abductor MN,fl,,,,T1,TBD,,,,13628.0,800541.0,,,ProAN,,[63160 56098 66291],,Traced,front,True,3,True
,,803829,,803829.0,Tr flexor MN_L,L,Reviewed,vnc_motor,Tr flexor MN,VFB_jrmc06xq,,,,,23364.0,,Tr flexor MN,ml,,,,T2,24B.25B,,,,,,,,MesoLN,,[61154 65132 93512],,Traced,middle,True,3,True
,,803830,,803830.0,Fe reductor MN_R,R,Reviewed,vnc_motor,Fe reductor MN,VFB_jrmc2t99,,,,,24050.0,14949.0,Fe reductor MN,fl,,,,T1,24B.25B,,,,14949.0,,,,ProLN,,[46356 60211 67910],,Traced,front,True,3,True
,,804025,,804025.0,Fe reductor MN_L,L,Reviewed,vnc_motor,Fe reductor MN,VFB_jrmc2t9b,,,,,29187.0,16552.0,Fe reductor MN,ml,,,,T2,24B.25B,,,,11226.0,,,,MesoLN,,[61986 59012 89948],,Traced,middle,True,3,True
,,804078,,804078.0,MNhl29_L,L,Reviewed,vnc_motor,MNhl29,VFB_jrmc20ki,,,,,102123.0,14649.0,MNhl29,hl,,,,T3,24B.25B,,,,12196.0,,,,MetaLN,,[ 60594  61199 118852],,Traced,hind,True,3,True
,,804257,,804257.0,Ti extensor MN_R,R,Reviewed,vnc_motor,Ti extensor MN,VFB_jrmc0nmm,,,,early,13115.0,11657.0,Ti extensor MN,fl,,,,T1,TBD,,,,10347.0,800158.0,,,ProLN,,[43578 54990 65643],,Traced,front,True,3,True
,,804405,,802295.0,Ti flexor MN_R,R,Reviewed,vnc_motor,Ti flexor MN,VFB_jrmc0nnv,,,,,192299.0,15623.0,Ti flexor MN,ml,,,,T2,15B,,,,13192.0,,,,MesoLN,,[39776 63231 90257],,Traced,middle,True,3,True
,,804465,,802552.0,Tergotr. MN_L,L,Reviewed,vnc_motor,Tergotr. MN,VFB_jrmc0nmi,,,,,21753.0,,Tergotr. MN,fl,,,,T1,TBD,,,,,,,,VProN,,[59046 53094 64142],,Traced,front,True,3,True
,,804514,,804514.0,Tergotr. MN_L,L,Reviewed,vnc_motor,Tergotr. MN,VFB_jrmc0nma,,,,early,159762.0,13434.0,Tergotr. MN,hl,,,,T3,17X,,,,13434.0,804514.0,,,AbN1,,[ 60934  53145 124730],,Traced,hind,True,3,True
,,804741,,804741.0,ltm1-tibia MN_R,R,Reviewed,vnc_motor,ltm1-tibia MN,VFB_jrmc02ty,,,,early,10811.0,10811.0,ltm1-tibia MN,hl,,,,T3,15B,,,,10811.0,804741.0,,,MetaLN,,[ 39944  57787 122737],,Traced,hind,True,3,True
,,804847,,804847.0,MNhl88_L,L,Reviewed,vnc_motor,MNhl88,VFB_jrmc20kw,,,,,17905.0,13883.0,MNhl88,hl,,,,T3,TBD,,,,,,,,MetaLN,,[ 61823  59882 118797],,Traced,hind,True,3,True
,,804851,,,Sternal posterior rotator MN_L,L,Reviewed,vnc_motor,Sternal posterior rotator MN,VFB_jrmc1a7v,,,,early,17546.0,24747.0,Sternal posterior rotator MN,fl,,,,T1,20B.21B.22B,,,,11529.0,804851.0,,,ProAN,,[63220 59938 80214],,Traced,front,True,3,True
,,804866,,802552.0,Tergotr. MN_R,R,Reviewed,vnc_motor,Tergotr. MN,VFB_jrmc0nm8,,,,,19443.0,,Tergotr. MN,fl,,,,T1,TBD,,,,,,,,VProN,,[40902 48068 73972],,Traced,front,True,3,True
,,804919,,803072.0,Ti flexor MN_L,L,Reviewed,vnc_motor,Ti flexor MN,VFB_jrmc0nnb,,,,early,176866.0,12585.0,Ti flexor MN,hl,,,,T3,15B,,,,10710.0,,,,MetaLN,,[ 59670  61282 123001],,Traced,hind,True,3,True
,,804941,,804941.0,Fe reductor MN_L,L,Reviewed,vnc_motor,Fe reductor MN,VFB_jrmc2t96,,,,,156857.0,,Fe reductor MN,fl,,,,T1,24B.25B,,,,,,,,ProLN,,[61420 56378 64494],,Traced,front,True,3,True
,,805010,,802295.0,Ti flexor MN_R,R,Reviewed,vnc_motor,Ti flexor MN,VFB_jrmc0nnw,,,,,13280.0,,Ti flexor MN,ml,,,,T2,15B,,,,,,,,MesoLN,,[36754 59670 89022],,Traced,middle,True,3,True
,,805309,,805309.0,ltm2-femur MN_L,L,Reviewed,vnc_motor,ltm2-femur MN,VFB_jrmc02u5,,,,,20612.0,,ltm2-femur MN,fl,,,,T1,15B,,,,,,,,ProLN,,[59021 56894 64714],,Traced,front,True,3,True
,,805313,,803803.0,Pleural remotor/abductor MN_R,R,Reviewed,vnc_motor,Pleural remotor/abductor MN,VFB_jrmc1knw,,,,early,21241.0,13628.0,Pleural remotor/abductor MN,fl,,,,T1,TBD,,,,13628.0,800541.0,,,ProAN,,[42878 57010 65896],,Traced,front,True,3,True
,,805410,,805410.0,Sternal posterior rotator MN_R,R,Reviewed,vnc_motor,Sternal posterior rotator MN,VFB_jrmc1a7b,,,,early,13942.0,25767.0,Sternal posterior rotator MN,fl,,,,T1,20B.21B.22B,,,,11400.0,800962.0,,,ProAN,,[37728 51726 80494],,Traced,front,True,3,True
,,805477,,805477.0,Tr extensor MN_L,L,Reviewed,vnc_motor,Tr extensor MN,VFB_jrmc06x0,,,,early,13904.0,13904.0,Tr extensor MN,ml,,,,T2,TBD,,,,10866.0,803412.0,,,MesoLN,,[61860 62957 89243],,Traced,middle,True,3,True
,,805568,,805568.0,Acc. ti flexor MN_R,R,Reviewed,vnc_motor,Acc. ti flexor MN,VFB_jrmc3jg9,,,,,24443.0,,Acc. ti flexor MN,ml,,,,T2,15B,,,,,,,,MesoLN,,[37906 61494 88379],,Traced,middle,True,4,True
,,805598,,804941.0,Fe reductor MN_L,L,Reviewed,vnc_motor,Fe reductor MN,VFB_jrmc2t9a,,,,,21944.0,,Fe reductor MN,fl,,,,T1,24B.25B,,,,,,,,ProLN,,[62928 57474 65892],,Traced,front,True,3,True
,,805741,,802552.0,Tergotr. MN_L,L,Reviewed,vnc_motor,Tergotr. MN,VFB_jrmc0nmg,,,,,155633.0,,Tergotr. MN,fl,,,,T1,TBD,,,,,,,,VProN,,[62273 53335 66225],,Traced,front,True,3,True
,,805745,,805745.0,Tergopleural/Pleural promotor MN_R,R,Reviewed,vnc_motor,Tergopleural/Pleural promotor MN,VFB_jrmc0nm2,,,,early,20386.0,12396.0,Tergopleural/Pleural promotor MN,fl,,,,T1,08A,,,,,,,,DProN,,[47430 57244 65756],,Traced,front,True,3,True
,,806204,,806204.0,Tergotr. MN_R,R,Reviewed,vnc_motor,Tergotr. MN,VFB_jrmc0nmd,,,,early,175327.0,15107.0,Tergotr. MN,ml,,,,T2,17X,,,,13434.0,804514.0,,,MesoLN,,[39320 44984 87184],,Traced,middle,True,3,True
,,806599,,,Acc. ti flexor MN_L,L,Reviewed,vnc_motor,Acc. ti flexor MN,VFB_jrmc3jfy,,,,,101043.0,,Acc. ti flexor MN,fl,,,,T1,15B,,,,,,,,ProLN,,[60663 58582 64746],,Traced,front,True,3,True
,,806898,,804941.0,Fe reductor MN_R,R,Reviewed,vnc_motor,Fe reductor MN,VFB_jrmc2t91,,,,,18983.0,,Fe reductor MN,fl,,,,T1,24B.25B,,,,,,,,ProLN,,[35726 56130 68917],,Traced,front,True,3,True
,,806923,,801918.0,Sternal anterior rotator MN_L,L,Reviewed,vnc_motor,Sternal anterior rotator MN,VFB_jrmc1a71,,,,,26566.0,,Sternal anterior rotator MN,fl,,,,T1,TBD,,,,,,,,VProN,,[62094 54154 64646],,Traced,front,True,3,True
,,807160,,807160.0,MNhl01_L,L,Reviewed,vnc_motor,MNhl01,VFB_jrmc20ke,,,,early,221983.0,15735.0,MNhl01,hl,,,,T3,TBD,,,,13214.0,807160.0,,,AbN1,,[ 62393  58716 119143],,Traced,hind,True,3,True
,,807165,,,Ti flexor MN_L,L,Reviewed,vnc_motor,Ti flexor MN,VFB_jrmc0nmz,,,,,12134.0,,Ti flexor MN,fl,,,,T1,15B,,,,,,,,ProLN,,[59215 58670 64606],,Traced,front,True,3,True
,,807281,,805745.0,Tergopleural/Pleural promotor MN_L,L,Reviewed,vnc_motor,Tergopleural/Pleural promotor MN,VFB_jrmc0nm0,,,,early,12396.0,12396.0,Tergopleural/Pleural promotor MN,fl,,,,T1,08A,,,,,,,,DProN,,[56560 56694 63010],,Traced,front,True,3,True
,,807395,,803086.0,MNml29_R,R,Reviewed,vnc_motor,MNml29,VFB_jrmc20l5,,,,,104697.0,12196.0,MNml29,ml,,,,T2,24B.25B,,,,12196.0,,,,MesoLN,,[38134 60982 90488],,Traced,middle,True,3,True
,,807640,,,Tr flexor MN_R,R,Reviewed,vnc_motor,Tr flexor MN,VFB_jrmc06xd,,,,,28997.0,,Tr flexor MN,hl,,,,T3,24B.25B,,,,,,,,MetaLN,,[ 40331  53526 126067],,Traced,hind,True,3,True
,,807854,,,Sternal adductor MN_R,R,Reviewed,vnc_motor,Sternal adductor MN,VFB_jrmc1a6s,,,,,20667.0,,Sternal adductor MN,hl,,,,T3,TBD,,,,,,,,MetaLN,,[ 39318  57082 120970],,Traced,hind,True,3,True
,,807873,,,Acc. tr flexor MN_R,R,Reviewed,vnc_motor,Acc. tr flexor MN,VFB_jrmc3jgw,,,,,16400.0,,Acc. tr flexor MN,fl,,,,T1,TBD,,,,,,,,ProAN,,[40397 56952 66820],,Traced,front,True,4,True
,,807906,,807906.0,Tr extensor MN_L,L,Reviewed,vnc_motor,Tr extensor MN,VFB_jrmc06x1,,,,early,19929.0,19929.0,Tr extensor MN,fl,,,,T1,19A,,,,17930.0,807906.0,,,ProLN,,[61302 49086 79974],,Traced,front,True,3,True
,,807972,,807972.0,ltm2-femur MN_L,L,Reviewed,vnc_motor,ltm2-femur MN,VFB_jrmc02u6,,,,,24725.0,,ltm2-femur MN,ml,,,,T2,15B,,,,,,,,MesoLN,,[61220 62816 88577],,Traced,middle,True,3,True
,,808011,,808011.0,Sternal posterior rotator MN_R,R,Reviewed,vnc_motor,Sternal posterior rotator MN,VFB_jrmc1a7h,,,,early,21241.0,21241.0,Sternal posterior rotator MN,fl,,,,T1,20B.21B.22B,,,,21241.0,,,,ProAN,,[38474 49202 80826],,Traced,front,True,3,True
,,808453,,808453.0,Tr extensor MN_R,R,Reviewed,vnc_motor,Tr extensor MN,VFB_jrmc06wx,,,,early,10866.0,10866.0,Tr extensor MN,hl,,,,T3,TBD,,,,10866.0,803412.0,,,MetaLN,,[ 39208  58446 122828],,Traced,hind,True,3,True
,,808640,,805410.0,Sternal posterior rotator MN_L,L,Reviewed,vnc_motor,Sternal posterior rotator MN,VFB_jrmc1a7p,,,,early,29689.0,25767.0,Sternal posterior rotator MN,fl,,,,T1,20B.21B.22B,,,,11400.0,800962.0,,,ProAN,,[60650 62764 81544],,Traced,front,True,3,True
,,808685,,,Ti flexor MN_R,R,Reviewed,vnc_motor,Ti flexor MN,VFB_jrmc0nnl,,,,,13512.0,,Ti flexor MN,hl,,,,T3,15B,,,,,,,,MetaLN,,[ 41460  56594 126840],,Traced,hind,True,3,True
,,809055,,804847.0,MNhl88_R,R,Reviewed,vnc_motor,MNhl88,VFB_jrmc20kx,,,,,13883.0,13883.0,MNhl88,hl,,,,T3,TBD,,,,,,,,MetaLN,,[ 39938  57584 121852],,Traced,hind,True,3,True
,,809604,,,Acc. tr flexor MN_L,L,Reviewed,vnc_motor,Acc. tr flexor MN,VFB_jrmc3jgh,,,,,162913.0,,Acc. tr flexor MN,hl,,,,T3,TBD,,,,,,,,MetaLN,,[ 62052  60008 119996],,Traced,hind,True,3,True
,,809670,,809670.0,Acc. ti flexor MN_L,L,Reviewed,vnc_motor,Acc. ti flexor MN,VFB_jrmc3jfr,,,,early,13784.0,13784.0,Acc. ti flexor MN,ml,,,,T2,15B,,,,12761.0,809670.0,,,MesoLN,,[60720 66380 94804],,Traced,middle,True,3,True
,,809912,,,Ti flexor MN_L,L,Reviewed,vnc_motor,Ti flexor MN,VFB_jrmc0nnc,,,,,17133.0,,Ti flexor MN,fl,,,,T1,15B,,,,,,,,ProLN,,[63112 58674 66336],,Traced,front,True,3,True
,,809935,,800621.0,Ti extensor MN_R,R,Reviewed,vnc_motor,Ti extensor MN,VFB_jrmc0nmo,,,,early,13006.0,13006.0,Ti extensor MN,hl,,,,T3,TBD,,,,10737.0,800621.0,,,MetaLN,,[ 38924  58112 121089],,Traced,hind,True,3,True
,,810098,,,Ti flexor MN_R,R,Reviewed,vnc_motor,Ti flexor MN,VFB_jrmc0nn9,,,,,14848.0,,Ti flexor MN,fl,,,,T1,15B,,,,,,,,ProLN,,[38210 58488 67270],,Traced,front,True,3,True
,,810535,,810535.0,Tergopleural/Pleural promotor MN_R,R,Reviewed,vnc_motor,Tergopleural/Pleural promotor MN,VFB_jrmc0nm3,,,,,13464.0,13464.0,Tergopleural/Pleural promotor MN,fl,,,,T1,08A,,,,,,,,DProN,,[46102 56513 66465],,Traced,front,True,3,True
,,810541,,810541.0,Ta levator MN_L,L,Reviewed,vnc_motor,Ta levator MN,VFB_jrmc0nlz,,,,,22358.0,16346.0,Ta levator MN,fl,,,,T1,TBD,,,,,,,,ProLN,,[57863 58496 65668],,Traced,front,True,3,True
,,810639,,,Tr flexor MN_L,L,Reviewed,vnc_motor,Tr flexor MN,VFB_jrmc06xt,,,,,19771.0,,Tr flexor MN,fl,,,,T1,24B.25B,,,,,,,,VProN,,[61130 54382 63230],,Traced,front,True,3,True
,,810720,,810720.0,Acc. tr flexor MN_R,R,Reviewed,vnc_motor,Acc. tr flexor MN,VFB_jrmc3jgv,,,,early,102019.0,102019.0,Acc. tr flexor MN,ml,,,,T2,TBD,,,,14783.0,810720.0,,,MesoLN,,[39405 62490 90770],,Traced,middle,True,3,True
,,811137,,811137.0,MNhl87_L,L,Reviewed,vnc_motor,MNhl87,VFB_jrmc20kv,,,,early,17761.0,15857.0,MNhl87,hl,,,,T3,06A,,,,,,,,MetaLN,,[ 53304  54244 125732],,Traced,hind,True,3,True
,,811652,,804941.0,Fe reductor MN_R,R,Prelim Roughly traced,vnc_motor,Fe reductor MN,VFB_jrmc2t92,,,,,11226.0,,Fe reductor MN,fl,,,,T1,24B.25B,,,,,,,,ProLN,,[34740 57196 69644],,Traced,front,True,3,True
,,812111,,812111.0,Fe reductor MN_L,L,Reviewed,vnc_motor,Fe reductor MN,VFB_jrmc2t9c,,,,early,13920.0,12891.0,Fe reductor MN,fl,,,,T1,TBD,,,,,,,,ProLN,,[56141 55555 65749],,Traced,front,True,3,True
,,812531,,805568.0,Acc. ti flexor MN_R,R,Reviewed,vnc_motor,Acc. ti flexor MN,VFB_jrmc3jg8,,,,,16495.0,,Acc. ti flexor MN,ml,,,,T2,15B,,,,,,,,MesoLN,,[37918 61925 87732],,Traced,middle,True,3,True
,,812872,,,ltm MN_R,R,Reviewed,vnc_motor,ltm MN,VFB_jrmc02tt,,,,,26809.0,,ltm MN,ml,,,,T2,15B,,,,11786.0,822274.0,,,MesoLN,,[39850 62966 91082],,Traced,middle,True,3,True
,,812899,,811137.0,MNhl87_R,R,Reviewed,vnc_motor,MNhl87,VFB_jrmc20ku,,,,early,15857.0,15857.0,MNhl87,hl,,,,T3,06A,,,,,,,,MetaLN,,[ 49395  52264 122779],,Traced,hind,True,3,True
,,812953,,800158.0,Ti extensor MN_L,L,Reviewed,vnc_motor,Ti extensor MN,VFB_jrmc0nml,,,,early,10347.0,10347.0,Ti extensor MN,hl,,,,T3,TBD,,,,10347.0,800158.0,,,MetaLN,,[ 59760  54952 126836],,Traced,hind,True,3,True
,,813480,,813480.0,Sternal adductor MN_L,L,Reviewed,vnc_motor,Sternal adductor MN,VFB_jrmc1a6v,,,,,155853.0,21718.0,Sternal adductor MN,fl,,,,T1,TBD,,,,13817.0,,,,ProAN,,[58336 55328 63190],,Traced,front,True,3,True
,,813566,,812111.0,Fe reductor MN_R,R,Reviewed,vnc_motor,Fe reductor MN,VFB_jrmc2t93,,,,early,12891.0,12891.0,Fe reductor MN,fl,,,,T1,TBD,,,,,,,,ProLN,,[35682 52670 71254],,Traced,front,True,3,True
,,813603,,813603.0,ltm MN_L,L,Reviewed,vnc_motor,ltm MN,VFB_jrmc02tj,,,,,17964.0,35735.0,ltm MN,ml,,,,T2,15B,,,,23016.0,,,,MesoLN,,[60835 65788 93357],,Traced,middle,True,3,True
,,813629,,,Acc. ti flexor MN_R,R,Reviewed,vnc_motor,Acc. ti flexor MN,VFB_jrmc3jfz,,,,,16228.0,,Acc. ti flexor MN,hl,,,,T3,15B,,,,,,,,MetaLN,,[ 39757  56598 124073],,Traced,hind,True,3,True
,,813755,,806204.0,Tergotr. MN_L,L,Reviewed,vnc_motor,Tergotr. MN,VFB_jrmc0nme,,,,early,30650.0,15107.0,Tergotr. MN,ml,,,,T2,17X,,,,13434.0,804514.0,,,MesoLN,,[62544 50540 90016],,Traced,middle,True,3,True
,,814163,,803830.0,Fe reductor MN_L,L,Reviewed,vnc_motor,Fe reductor MN,VFB_jrmc2t95,,,,,14949.0,14949.0,Fe reductor MN,fl,,,,T1,24B.25B,,,,14949.0,,,,ProLN,,[57238 57774 63266],,Traced,front,True,3,True
,,814489,,,Tr flexor MN_L,L,Reviewed,vnc_motor,Tr flexor MN,VFB_jrmc06x7,,,,,163686.0,,Tr flexor MN,fl,,,,T1,24B.25B,,,,,,,,ProAN,,[60031 55971 65240],,Traced,front,True,3,True
,,814942,,814942.0,Tr extensor MN_R,R,Reviewed,vnc_motor,Tr extensor MN,VFB_jrmc06wz,,,,early,17930.0,17930.0,Tr extensor MN,ml,,,,T2,19A,,,,17930.0,807906.0,,,MesoLN,,[38054 49231 92722],,Traced,middle,True,4,True
,,814983,,814983.0,MNml78_R,R,Reviewed,vnc_motor,MNml78,VFB_jrmc20lc,,,,,162868.0,20511.0,MNml78,ml,,,,T2,15B,,,,,,,,MesoLN,,[37178 61604 87592],,Traced,middle,True,3,True
,,815097,,,ltm MN_R,R,Reviewed,vnc_motor,ltm MN,VFB_jrmc02tg,,,,,166393.0,,ltm MN,hl,,,,T3,15B,,,,,,,,MetaLN,,[ 40445  57784 124286],,Traced,hind,True,4,True
,,815246,,,Acc. ti flexor MN_L,L,Reviewed,vnc_motor,Acc. ti flexor MN,VFB_jrmc3jf7,,,,,17885.0,,Acc. ti flexor MN,fl,,,,T1,15B,,,,,,,,ProLN,,[59668 57435 64188],,Traced,front,True,3,True
,,815344,,804257.0,Ti extensor MN_L,L,Reviewed,vnc_motor,Ti extensor MN,VFB_jrmc0nmv,,,,early,10256.0,11657.0,Ti extensor MN,fl,,,,T1,TBD,,,,10347.0,800158.0,,,ProLN,,[61805 56430 63085],,Traced,front,True,3,True
,,815498,,,ltm2-femur MN_L,L,Reviewed,vnc_motor,ltm2-femur MN,VFB_jrmc02u8,,,,early,158889.0,16356.0,ltm2-femur MN,hl,,,,T3,15B,,,,14343.0,815498.0,,,MetaLN,,[ 61543  59153 121519],,Traced,hind,True,3,True
,,815678,,800636.0,Ti extensor MN_R,R,Reviewed,vnc_motor,Ti extensor MN,VFB_jrmc0nmr,,,,early,22126.0,11706.0,Ti extensor MN,fl,,,,T1,TBD,,,,10737.0,800621.0,,,ProLN,,[44794 54528 64874],,Traced,front,True,3,True
,,815854,,813480.0,Sternal adductor MN_R,R,Reviewed,vnc_motor,Sternal adductor MN,VFB_jrmc1a6x,,,,,21718.0,21718.0,Sternal adductor MN,fl,,,,T1,TBD,,,,13817.0,,,,ProAN,,[42347 61585 67499],,Traced,front,True,3,True
,,815958,,,Acc. tr flexor MN_R,R,Reviewed,vnc_motor,Acc. tr flexor MN,VFB_jrmc3jgf,,,,,17693.0,,Acc. tr flexor MN,hl,,,,T3,TBD,,,,,,,,MetaLN,,[ 40999  56337 125482],,Traced,hind,True,3,True
,,816018,,816018.0,Sternal adductor MN_L,L,Reviewed,vnc_motor,Sternal adductor MN,VFB_jrmc1a6u,,,,,156233.0,13817.0,Sternal adductor MN,ml,,,,T2,TBD,,,,13817.0,,,,MesoLN,,[62288 62656 87974],,Traced,middle,True,3,True
,,816022,,804078.0,MNhl29_R,R,Reviewed,vnc_motor,MNhl29,VFB_jrmc20kh,,,,,14649.0,14649.0,MNhl29,hl,,,,T3,24B.25B,,,,12196.0,,,,MetaLN,,[ 40130  58939 121919],,Traced,hind,True,4,True
,,816215,,,Acc. ti flexor MN_L,L,Reviewed,vnc_motor,Acc. ti flexor MN,VFB_jrmc3jf8,,,,,18412.0,,Acc. ti flexor MN,fl,,,,T1,15B,,,,,,,,ProLN,,[57748 57145 63356],,Traced,front,True,3,True
,,816222,,802295.0,Ti flexor MN_R,R,Reviewed,vnc_motor,Ti flexor MN,VFB_jrmc0nnq,,,,,18448.0,,Ti flexor MN,ml,,,,T2,15B,,,,,,,,MesoLN,,[37402 61595 86621],,Traced,middle,True,3,True
,,816404,,,Acc. ti flexor MN_L,L,Reviewed,vnc_motor,Acc. ti flexor MN,VFB_jrmc3jf9,,,,,23698.0,,Acc. ti flexor MN,fl,,,,T1,15B,,,,,,,,ProLN,,[58688 56780 62641],,Traced,front,True,3,True
,,816501,,801267.0,MNhl02_L,L,Reviewed,vnc_motor,MNhl02,VFB_jrmc20kf,,,,early,27479.0,11274.0,MNhl02,hl,,,,T3,TBD,,,,11274.0,801267.0,,,AbN1,,[ 61450  60700 121860],,Traced,hind,True,4,True
,,816648,,,Tr flexor MN_R,R,Reviewed,vnc_motor,Tr flexor MN,VFB_jrmc06x3,,,,,39951.0,,Tr flexor MN,fl,,,,T1,20B.21B.22B,,,,,,,,ProAN,,[36481 48468 80678],,Traced,front,True,4,True
,,817210,,810541.0,Ta levator MN_R,R,Reviewed,vnc_motor,Ta levator MN,VFB_jrmc0nly,,,,,16346.0,16346.0,Ta levator MN,fl,,,,T1,TBD,,,,,,,,ProLN,,[42937 59150 66725],,Traced,front,True,3,True
,,817283,,,Acc. ti flexor MN_L,L,Reviewed,vnc_motor,Acc. ti flexor MN,VFB_jrmc3jfa,,,,,15023.0,,Acc. ti flexor MN,fl,,,,T1,15B,,,,,,,,ProLN,,[61003 57904 65125],,Traced,front,True,3,True
,,817347,,802552.0,Tergotr. MN_R,R,Reviewed,vnc_motor,Tergotr. MN,VFB_jrmc0nmb,,,,,23553.0,19443.0,Tergotr. MN,fl,,,,T1,17X,,,,13434.0,,,,VProN,,[45823 55740 65754],,Traced,front,True,3,True
,,817374,,,Acc. ti flexor MN_L,L,Reviewed,vnc_motor,Acc. ti flexor MN,VFB_jrmc3jfq,,,,,163009.0,,Acc. ti flexor MN,hl,,,,T3,15B,,,,,,,,MetaLN,,[ 59160  57380 126064],,Traced,hind,True,4,True
,,817509,,817509.0,Acc. ti flexor MN_R,R,Reviewed,vnc_motor,Acc. ti flexor MN,VFB_jrmc3jf0,,,,early,12761.0,12761.0,Acc. ti flexor MN,fl,,,,T1,15B,,,,12761.0,809670.0,,,ProLN,,[43767 59202 66427],,Traced,front,True,3,True
,,817595,,817595.0,Fe reductor MN_R,R,Reviewed,vnc_motor,Fe reductor MN,VFB_jrmc2t8t,,,,,29484.0,29484.0,Fe reductor MN,fl,,,,T1,TBD,,,,28884.0,,,,VProN,,[42290 54596 65878],,Traced,front,True,4,True
,,817640,,,Tr flexor MN_R,R,Reviewed,vnc_motor,Tr flexor MN,VFB_jrmc06xu,,,,,14783.0,,Tr flexor MN,fl,,,,T1,24B.25B,,,,,,,,ProAN,,[42368 56780 66692],,Traced,front,True,3,True
,,817655,,,Ta depressor MN_L,L,Reviewed,vnc_motor,Ta depressor MN,VFB_jrmc0nls,,,,,,,Ta depressor MN,fl,,,,T1,15B,,,,,,,,ProLN,,[59020 56524 64022],,Traced,front,True,3,True
,,817681,,800589.0,Tr flexor MN_R,R,Reviewed,vnc_motor,Tr flexor MN,VFB_jrmc06xf,,,,,157207.0,,Tr flexor MN,ml,,,,T2,24B.25B,,,,,,,,MesoLN,,[36897 54872 89090],,Traced,middle,True,3,True
,,817990,,814983.0,MNml78_R,R,Reviewed,vnc_motor,MNml78,VFB_jrmc20le,,,,,35950.0,20511.0,MNml78,ml,,,,T2,15B,,,,,,,,MesoLN,,[38201 62225 86471],,Traced,middle,True,4,True
,,818057,,,Ti flexor MN_L,L,Reviewed,vnc_motor,Ti flexor MN,VFB_jrmc0nnd,,,,,15321.0,,Ti flexor MN,fl,,,,T1,15B,,,,,,,,ProLN,,[61630 58018 64463],,Traced,front,True,3,True
,,818295,,,Ti flexor MN_L,L,Reviewed,vnc_motor,Ti flexor MN,VFB_jrmc0nnf,,,,,16635.0,,Ti flexor MN,ml,,,,T2,15B,,,,,,,,MesoLN,,[58014 63953 88811],,Traced,middle,True,3,True
,,818389,,,Tr flexor MN_L,L,Reviewed,vnc_motor,Tr flexor MN,VFB_jrmc06x8,,,,,23299.0,,Tr flexor MN,fl,,,,T1,24B.25B,,,,,,,,ProAN,,[61492 55472 62956],,Traced,front,True,3,True
,,818399,,818399.0,Sternal posterior rotator MN_L,L,Reviewed,vnc_motor,Sternal posterior rotator MN,VFB_jrmc1a7a,,,,early,27258.0,28219.0,Sternal posterior rotator MN,hl,,,,T3,20B.21B.22B,,,,11529.0,804851.0,,,MetaLN,,[ 58671  48573 124652],,Traced,hind,True,3,True
,,818553,,818553.0,ltm1-tibia MN_L,L,Reviewed,vnc_motor,ltm1-tibia MN,VFB_jrmc02tx,,,,early,13952.0,13952.0,ltm1-tibia MN,fl,,,,T1,15B,,,,10811.0,804741.0,,,ProLN,,[61266 57242 63870],,Traced,front,True,3,True
,,818719,,818719.0,Tr flexor MN_R,R,Reviewed,vnc_motor,Tr flexor MN,VFB_jrmc06xv,,,,,41353.0,,Tr flexor MN,fl,,,,T1,20B.21B.22B,,,,,,,,ProAN,,[38511 52267 81882],,Traced,front,True,4,True
,,818842,,807906.0,Tr extensor MN_R,R,Reviewed,vnc_motor,Tr extensor MN,VFB_jrmc06ws,,,,early,27028.0,19929.0,Tr extensor MN,fl,,,,T1,19A,,,,17930.0,807906.0,,,ProLN,,[40680 46186 80134],,Traced,front,True,3,True
,,818996,,818996.0,Sternal posterior rotator MN_R,R,Reviewed,vnc_motor,Sternal posterior rotator MN,VFB_jrmc1a7d,,,,early,21120.0,11529.0,Sternal posterior rotator MN,ml,,,,T2,20B.21B.22B,,,,11529.0,804851.0,,,MesoLN,,[ 40672  59340 105790],,Traced,middle,True,3,True
,,819112,,,Ti flexor MN_L,L,Reviewed,vnc_motor,Ti flexor MN,VFB_jrmc0nn2,,,,,15893.0,,Ti flexor MN,hl,,,,T3,15B,,,,,,,,MetaLN,,[ 60640  61288 120032],,Traced,hind,True,3,True
,,819203,,819203.0,Tr flexor MN_R,R,Reviewed,vnc_motor,Tr flexor MN,VFB_jrmc06xg,,,,late,19983.0,19983.0,Tr flexor MN,ml,,,,T2,20B.21B.22B,,,,17137.0,,,,MesoLN,,[ 42236  63348 107310],,Traced,middle,True,3,True
,,819278,,,Ta depressor MN_L,L,Reviewed,vnc_motor,Ta depressor MN,VFB_jrmc0nlt,,,,,18554.0,,Ta depressor MN,fl,,,,T1,15B,,,,,,,,ProLN,,[59867 58468 64010],,Traced,front,True,3,True
,,819384,,,Ti flexor MN_L,L,Reviewed,vnc_motor,Ti flexor MN,VFB_jrmc0nne,,,,,17885.0,,Ti flexor MN,fl,,,,T1,15B,,,,,,,,ProLN,,[60221 56169 63349],,Traced,front,True,3,True
,,819674,,805568.0,Acc. ti flexor MN_L,L,Reviewed,vnc_motor,Acc. ti flexor MN,VFB_jrmc3jg3,,,,,17070.0,,Acc. ti flexor MN,ml,,,,T2,15B,,,,,,,,MesoLN,,[60608 62908 89806],,Traced,middle,True,3,True
,,819869,,817509.0,Acc. ti flexor MN_L,L,Reviewed,vnc_motor,Acc. ti flexor MN,VFB_jrmc3jfb,,,,early,13397.0,12761.0,Acc. ti flexor MN,fl,,,,T1,15B,,,,12761.0,809670.0,,,ProLN,,[58533 57717 63320],,Traced,front,True,3,True
,,820110,,820110.0,Ta levator MN_R,R,Reviewed,vnc_motor,Ta levator MN,VFB_jrmc0nlv,,,,,19751.0,15446.0,Ta levator MN,fl,,,,T1,15B,,,,13036.0,,,,ProLN,,[37094 53078 69338],,Traced,front,True,3,True
,,820130,,,Tr flexor MN_R,R,Reviewed,vnc_motor,Tr flexor MN,VFB_jrmc06xw,,,,,41933.0,,Tr flexor MN,fl,,,,T1,24B.25B,,,,,,,,ProAN,,[41852 55475 66228],,Traced,front,True,3,True
,,820350,,801693.0,Fe reductor MN_L,L,Reviewed,vnc_motor,Fe reductor MN,VFB_jrmc2t8w,,,,,21665.0,16633.0,Fe reductor MN,hl,,,,T3,24B.25B,,,,14949.0,,,,MetaLN,,[ 61918  58160 121973],,Traced,hind,True,4,True
,,820574,,,MNml83_R,R,Reviewed,vnc_motor,MNml83,VFB_jrmc20lr,,,,,200065.0,,MNml83,ml,,,,T2,15B,,,,,,,,MesoLN,,[38490 61747 86733],,Traced,middle,True,3,True
,,820632,,820632.0,MNml80_L,L,Reviewed,vnc_motor,MNml80,VFB_jrmc20lk,,,,,17697.0,15616.0,MNml80,ml,,,,T2,15B,,,,,,,,MesoLN,,[62080 62054 89123],,Traced,middle,True,3,True
,,820668,,,Tr flexor MN_R,R,Reviewed,vnc_motor,Tr flexor MN,VFB_jrmc06x4,,,,,19886.0,,Tr flexor MN,fl,,,,T1,24B.25B,,,,,,,,VProN,,[40924 54897 66967],,Traced,front,True,3,True
,,820764,,820764.0,Fe reductor MN_L,L,Reviewed,vnc_motor,Fe reductor MN,VFB_jrmc2t8v,,,,,45494.0,,Fe reductor MN,ml,,,,T2,TBD,,,,,,,,MesoLN,,[62403 59277 88303],,Traced,middle,True,3,True
,,820896,,810541.0,Ta levator MN_R,R,Reviewed,vnc_motor,Ta levator MN,VFB_jrmc0nlw,,,,,15446.0,16346.0,Ta levator MN,fl,,,,T1,TBD,,,,,,,,ProLN,,[38899 57901 66686],,Traced,front,True,4,True
,,821154,,,Acc. tr flexor MN_L,L,Reviewed,vnc_motor,Acc. tr flexor MN,VFB_jrmc3jgk,,,,,13095.0,,Acc. tr flexor MN,hl,,,,T3,TBD,,,,,,,,MetaLN,,[ 62302  58658 121298],,Traced,hind,True,3,True
,,821291,,,Acc. tr flexor MN_L,L,Reviewed,vnc_motor,Acc. tr flexor MN,VFB_jrmc3jgi,,,,,25475.0,,Acc. tr flexor MN,fl,,,,T1,TBD,,,,,,,,ProLN,,[61478 57026 65496],,Traced,front,True,3,True
,,821375,,,Acc. tr flexor MN_L,L,Reviewed,vnc_motor,Acc. tr flexor MN,VFB_jrmc3jgs,,,,,155216.0,,Acc. tr flexor MN,ml,,,,T2,TBD,,,,,,,,MesoLN,,[61653 62689 90201],,Traced,middle,True,3,True
,,821449,,,ltm2-femur MN_R,R,Reviewed,vnc_motor,ltm2-femur MN,VFB_jrmc02u7,,,,early,16356.0,16356.0,ltm2-femur MN,hl,,,,T3,15B,,,,14343.0,815498.0,,,MetaLN,,[ 40681  58276 122868],,Traced,hind,True,3,True
,,821494,,821494.0,MNml79_L,L,Reviewed,vnc_motor,MNml79,VFB_jrmc20lf,,,,,,17964.0,MNml79,ml,,,,T2,15B,,,,,,,,MesoLN,,[61260 64681 90924],,Traced,middle,True,3,True
,,821635,,,Ti flexor MN_R,R,Reviewed,vnc_motor,Ti flexor MN,VFB_jrmc0nmw,,,,,13399.0,,Ti flexor MN,fl,,,,T1,15B,,,,,,,,ProLN,,[43686 57821 66281],,Traced,front,True,3,True
,,821769,,821769.0,Fe reductor MN_R,R,Reviewed,vnc_motor,Fe reductor MN,VFB_jrmc2t8x,,,,,42738.0,,Fe reductor MN,ml,,,,T2,TBD,,,,,,,,MesoLN,,[37904 60186 90354],,Traced,middle,True,3,True
,,822013,,,Ti flexor MN_R,R,Reviewed,vnc_motor,Ti flexor MN,VFB_jrmc0nnr,,,,,162827.0,,Ti flexor MN,ml,,,,T2,15B,,,,,,,,MesoLN,,[38944 62414 89410],,Traced,middle,True,3,True
,,822047,,,ltm1-tibia MN_L,L,Reviewed,vnc_motor,ltm1-tibia MN,VFB_jrmc02tv,,,,,19092.0,,ltm1-tibia MN,fl,,,,T1,15B,,,,13241.0,858248.0,,,ProLN,,[59063 57992 65579],,Traced,front,True,3,True
,,822092,,822092.0,ltm MN_L,L,Reviewed,vnc_motor,ltm MN,VFB_jrmc02tn,,,,,24139.0,24139.0,ltm MN,fl,,,,T1,15B,,,,23016.0,,,,ProLN,,[60819 57924 63948],,Traced,front,True,3,True
,,822185,,822185.0,MNml77_L,L,Reviewed,vnc_motor,MNml77,VFB_jrmc20l7,,,,,103416.0,103416.0,MNml77,ml,,,,T2,15B,,,,,,,,MesoLN,,[61000 63406 89554],,Traced,middle,True,3,True
,,822252,,800358.0,MNhl64_L,L,Reviewed,vnc_motor,MNhl64,VFB_jrmc20kp,,,,,29474.0,13740.0,MNhl64,hl,,,,T3,TBD,,,,,,,,MetaLN,,[ 59763  59607 124890],,Traced,hind,True,4,True
,,822274,,822274.0,ltm MN_L,L,Reviewed,vnc_motor,ltm MN,VFB_jrmc02to,,,,early,14069.0,11786.0,ltm MN,fl,,,,T1,15B,,,,11786.0,822274.0,,,ProLN,,[60055 55339 62566],,Traced,front,True,3,True
,,822742,,,MNml80_L,L,Reviewed,vnc_motor,MNml80,VFB_jrmc20lh,,,,,14775.0,,MNml80,ml,,,,T2,15B,,,,,,,,MesoLN,,[59544 64626 91084],,Traced,middle,True,4,True
,,822945,,,Ti flexor MN_L,L,Reviewed,vnc_motor,Ti flexor MN,VFB_jrmc0nnj,,,,,,,Ti flexor MN,hl,,,,T3,15B,,,,,,,,MetaLN,,[ 61134  60573 120906],,Traced,hind,True,3,True
,,823132,,820764.0,Fe reductor MN_R,R,Reviewed,vnc_motor,Fe reductor MN,VFB_jrmc2t90,,,,,35432.0,,Fe reductor MN,ml,,,,T2,TBD,,,,,,,,MesoLN,,[36990 56736 90880],,Traced,middle,True,4,True
,,823168,,,Tr flexor MN_L,L,Reviewed,vnc_motor,Tr flexor MN,VFB_jrmc06xy,,,,,16963.0,,Tr flexor MN,fl,,,,T1,24B.25B,,,,,,,,VProN,,[61214 54774 64717],,Traced,front,True,3,True
,,823281,,,Tr flexor MN_L,L,Reviewed,vnc_motor,Tr flexor MN,VFB_jrmc06x9,,,,,153142.0,,Tr flexor MN,fl,,,,T1,24B.25B,,,,,,,,VProN,,[61935 54342 63802],,Traced,front,True,3,True
,,823405,,,ltm MN_L,L,Reviewed,vnc_motor,ltm MN,VFB_jrmc02td,,,,,19074.0,,ltm MN,hl,,,,T3,15B,,,,,,,,MetaLN,,[ 61154  61386 117906],,Traced,hind,True,4,True
,,823665,,,Ti flexor MN_R,R,Reviewed,vnc_motor,Ti flexor MN,VFB_jrmc0nnm,,,,,12758.0,,Ti flexor MN,hl,,,,T3,15B,,,,,,,,MetaLN,,[ 42421  55629 127773],,Traced,hind,True,3,True
,,823739,,,Ti flexor MN_L,L,Reviewed,vnc_motor,Ti flexor MN,VFB_jrmc0nng,,,,,100707.0,,Ti flexor MN,ml,,,,T2,15B,,,,,,,,MesoLN,,[59306 62518 88002],,Traced,middle,True,3,True
,,824041,,,Ti flexor MN_L,L,Reviewed,vnc_motor,Ti flexor MN,VFB_jrmc0nnh,,,,,14665.0,,Ti flexor MN,ml,,,,T2,15B,,,,,,,,MesoLN,,[60147 62944 87744],,Traced,middle,True,3,True
,,824104,,,ltm MN_L,L,Reviewed,vnc_motor,ltm MN,VFB_jrmc02tm,,,,,21963.0,,ltm MN,hl,,,,T3,15B,,,,11786.0,822274.0,,,MetaLN,,[ 59647  62722 120536],,Traced,hind,True,3,True
,,824315,,801057.0,Tr flexor MN_R,R,Reviewed,vnc_motor,Tr flexor MN,VFB_jrmc06xh,,,,,171948.0,15006.0,Tr flexor MN,ml,,,,T2,24B.25B,,,,15006.0,,,,MesoLN,,[37238 60660 90750],,Traced,middle,True,3,True
,,824689,,,ltm MN_L,L,Reviewed,vnc_motor,ltm MN,VFB_jrmc02ts,,,,,17419.0,,ltm MN,ml,,,,T2,15B,,,,,,,,MesoLN,,[60123 62626 88757],,Traced,middle,True,3,True
,,824997,,,ltm MN_R,R,Reviewed,vnc_motor,ltm MN,VFB_jrmc02tl,,,,,162830.0,,ltm MN,ml,,,,T2,15B,,,,,,,,MesoLN,,[38804 62756 87742],,Traced,middle,True,3,True
,,825485,,805568.0,Acc. ti flexor MN_L,L,Reviewed,vnc_motor,Acc. ti flexor MN,VFB_jrmc3jfo,,,,,14213.0,,Acc. ti flexor MN,ml,,,,T2,15B,,,,,,,,MesoLN,,[60638 65902 92570],,Traced,middle,True,3,True
,,825516,,,Acc. ti flexor MN_L,L,Reviewed,vnc_motor,Acc. ti flexor MN,VFB_jrmc3jfc,,,,,29554.0,,Acc. ti flexor MN,fl,,,,T1,15B,,,,,,,,ProLN,,[59936 56708 62851],,Traced,front,True,3,True
,,825681,,,ltm MN_L,L,Reviewed,vnc_motor,ltm MN,VFB_jrmc02tu,,,,,15873.0,,ltm MN,ml,,,,T2,15B,,,,,,,,MesoLN,,[58974 63448 87826],,Traced,middle,True,3,True
,,825721,,825721.0,Ta depressor MN_R,R,Reviewed,vnc_motor,Ta depressor MN,VFB_jrmc0nlm,,,,,15434.0,15434.0,Ta depressor MN,fl,,,,T1,15B,,,,,,,,ProLN,,[41095 59248 66651],,Traced,front,True,3,True
,,826996,,826996.0,ltm2-femur MN_L,L,Reviewed,vnc_motor,ltm2-femur MN,VFB_jrmc02u9,,,,,25447.0,,ltm2-femur MN,ml,,,,T2,15B,,,,,,,,MesoLN,,[60340 64428 91146],,Traced,middle,True,3,True
,,827188,,,Ti flexor MN_R,R,Reviewed,vnc_motor,Ti flexor MN,VFB_jrmc0nna,,,,,,,Ti flexor MN,fl,,,,T1,15B,,,,,,,,ProLN,,[39681 57281 66648],,Traced,front,True,3,True
,,827968,,,Ti flexor MN_R,R,Reviewed,vnc_motor,Ti flexor MN,VFB_jrmc0nnt,,,,,37220.0,,Ti flexor MN,hl,,,,T3,15B,,,,,,,,MetaLN,,[ 40780  55313 126654],,Traced,hind,True,3,True
,,828238,,,,R,Reviewed,vnc_motor,,VFB_jrmc3krf,,,,,,,,hl,,,,T3,,,,,,,,,MetaLN,,[ 43594  47452 125904],,Traced,hind,True,3,True
,,828939,,,Tr flexor MN_L,L,Reviewed,vnc_motor,Tr flexor MN,VFB_jrmc06xa,,,,,17226.0,,Tr flexor MN,fl,,,,T1,24B.25B,,,,,,,,ProLN,,[63644 57215 66471],,Traced,front,True,3,True
,,828978,,801375.0,Sternotrochanter MN_L,L,Reviewed,vnc_motor,Sternotrochanter MN,VFB_jrmc1a7y,,,,early,157503.0,13069.0,Sternotrochanter MN,hl,,,,T3,TBD,,,,13069.0,801375.0,,,MetaLN,,[ 58624  61790 122656],,Traced,hind,True,3,True
,,829873,,,Acc. ti flexor MN_L,L,Reviewed,vnc_motor,Acc. ti flexor MN,VFB_jrmc3jfg,,,,,,,Acc. ti flexor MN,hl,,,,T3,15B,,,,,,,,MetaLN,,[ 60542  61138 122472],,Traced,hind,True,4,True
,,830039,,830039.0,ltm2-femur MN_R,R,Reviewed,vnc_motor,ltm2-femur MN,VFB_jrmc02ub,,,,early,17050.0,16711.0,ltm2-femur MN,fl,,,,T1,15B,,,,14343.0,815498.0,,,ProLN,,[37118 59732 68051],,Traced,front,True,3,True
,,830480,,805568.0,Acc. ti flexor MN_L,L,Reviewed,vnc_motor,Acc. ti flexor MN,VFB_jrmc3jfx,,,,,24828.0,,Acc. ti flexor MN,ml,,,,T2,15B,,,,,,,,MesoLN,,[60744 63630 90715],,Traced,middle,True,3,True
,,830514,,800911.0,Ti extensor MN_R,R,Reviewed,vnc_motor,Ti extensor MN,VFB_jrmc0nmt,,,,early,11489.0,10737.0,Ti extensor MN,ml,,,,T2,TBD,,,,10737.0,800621.0,,,MesoLN,,[37290 61170 89686],,Traced,middle,True,3,True
,,832490,,801813.0,Sternal anterior rotator MN_L,L,Reviewed,vnc_motor,Sternal anterior rotator MN,VFB_jrmc1a75,,,,early,16295.0,16295.0,Sternal anterior rotator MN,ml,,,,T2,TBD,,,,11022.0,800316.0,,,MesoLN,,[62528 57611 88826],,Traced,middle,True,3,True
,,833140,,,Acc. ti flexor MN_R,R,Reviewed,vnc_motor,Acc. ti flexor MN,VFB_jrmc3jf1,,,,,16897.0,,Acc. ti flexor MN,fl,,,,T1,15B,,,,,,,,ProLN,,[40570 58438 66438],,Traced,front,True,3,True
,,835074,,817595.0,Fe reductor MN_R,R,Reviewed,vnc_motor,Fe reductor MN,VFB_jrmc2t8u,,,,,28884.0,29484.0,Fe reductor MN,fl,,,,T1,TBD,,,,28884.0,,,,VProN,,[37606 52298 69394],,Traced,front,True,3,True
,,837745,,,Acc. ti flexor MN_R,R,Reviewed,vnc_motor,Acc. ti flexor MN,VFB_jrmc3jf2,,,,,15367.0,,Acc. ti flexor MN,fl,,,,T1,15B,,,,,,,,ProLN,,[39154 56266 66788],,Traced,front,True,3,True
,,838321,,803412.0,Tr extensor MN_R,R,Reviewed,vnc_motor,Tr extensor MN,VFB_jrmc06wu,,,,early,14536.0,14536.0,Tr extensor MN,fl,,,,T1,TBD,,,,10866.0,803412.0,,,ProAN,,[44654 57689 66031],,Traced,front,True,3,True
,,840530,,805477.0,Tr extensor MN_R,R,Reviewed,vnc_motor,Tr extensor MN,VFB_jrmc06wy,,,,early,162833.0,13904.0,Tr extensor MN,ml,,,,T2,TBD,,,,10866.0,803412.0,,,MesoLN,,[36824 60534 87866],,Traced,middle,True,3,True
,,840740,,,Ti flexor MN_R,R,Reviewed,vnc_motor,Ti flexor MN,VFB_jrmc0nnn,,,,,12504.0,,Ti flexor MN,hl,,,,T3,15B,,,,,,,,MetaLN,,[ 40354  54638 125856],,Traced,hind,True,3,True
,,840981,,808453.0,Tr extensor MN_L,L,Reviewed,vnc_motor,Tr extensor MN,VFB_jrmc06ww,,,,early,162912.0,10866.0,Tr extensor MN,hl,,,,T3,TBD,,,,10866.0,803412.0,,,MetaLN,,[ 61086  61578 121284],,Traced,hind,True,3,True
,,843389,,,Acc. ti flexor MN_L,L,Reviewed,vnc_motor,Acc. ti flexor MN,VFB_jrmc3jfh,,,,,21186.0,,Acc. ti flexor MN,hl,,,,T3,15B,,,,,,,,MetaLN,,[ 61184  59292 123296],,Traced,hind,True,3,True
,,852673,,826996.0,ltm2-femur MN_R,R,Reviewed,vnc_motor,ltm2-femur MN,VFB_jrmc02ud,,,,,13033.0,,ltm2-femur MN,ml,,,,T2,15B,,,,,,,,MesoLN,,[37102 60600 86872],,Traced,middle,True,3,True
,,852881,,852881.0,,R,Reviewed,vnc_motor,,VFB_jrmc3krc,,,,,23390.0,,,hl,,,,T3,,,,,,,,,MetaLN,,[ 41391  55997 127548],,Traced,hind,True,3,True
,,856359,,802407.0,Sternotrochanter MN_R,R,Reviewed,vnc_motor,Sternotrochanter MN,VFB_jrmc1a85,,,,early,18716.0,18716.0,Sternotrochanter MN,ml,,,,T2,TBD,,,,13069.0,801375.0,,,MesoLN,,[38013 62005 91109],,Traced,middle,True,3,True
,,857751,,857751.0,ltm2-femur MN_L,L,Reviewed,vnc_motor,ltm2-femur MN,VFB_jrmc02u4,,,,,,,ltm2-femur MN,hl,,,,T3,15B,,,,,,,,MetaLN,,[ 59476  61448 121880],,Traced,hind,True,3,True
,,858248,,858248.0,ltm1-tibia MN_L,L,Reviewed,vnc_motor,ltm1-tibia MN,VFB_jrmc02tz,,,,early,,13241.0,ltm1-tibia MN,hl,,,,T3,15B,,,,13241.0,858248.0,,,MetaLN,,[ 58660  60390 124736],,Traced,hind,True,3,True
,,860084,,822274.0,ltm MN_R,R,Reviewed,vnc_motor,ltm MN,VFB_jrmc02tr,,,,early,11786.0,11786.0,ltm MN,fl,,,,T1,15B,,,,11786.0,822274.0,,,ProLN,,[45445 59408 66876],,Traced,front,True,3,True
,,867630,,,Acc. ti flexor MN_L,L,Reviewed,vnc_motor,Acc. ti flexor MN,VFB_jrmc3jfd,,,,,13156.0,,Acc. ti flexor MN,fl,,,,T1,15B,,,,,,,,ProLN,,[60820 56094 62232],,Traced,front,True,3,True
,,867926,,,Acc. tr flexor MN_R,R,Reviewed,vnc_motor,Acc. tr flexor MN,VFB_jrmc3jgq,,,,,218885.0,,Acc. tr flexor MN,ml,,,,T2,TBD,,,,,,,,MesoLN,,[38605 61951 91016],,Traced,middle,True,3,True
,,869369,,869369.0,MNhl65_R,R,Reviewed,vnc_motor,MNhl65,VFB_jrmc20kt,,,,,13144.0,13144.0,MNhl65,hl,,,,T3,15B,,,,13036.0,,,,MetaLN,,[ 41986  57311 126065],,Traced,hind,True,3,True
,,876504,,,,L,Reviewed,vnc_motor,,VFB_jrmc3kr8,,,,,,,,hl,,,,T3,TBD,,,,,,,,MetaLN,,,,Traced,hind,True,4,True
,,890541,,,ltm MN_L,L,Reviewed,vnc_motor,ltm MN,VFB_jrmc02te,,,,,23016.0,,ltm MN,hl,,,,T3,15B,,,,,,,,MetaLN,,[ 59683  56129 125540],,Traced,hind,True,4,True
,,895449,,814983.0,MNml78_L,L,Reviewed,vnc_motor,MNml78,VFB_jrmc20l9,,,,,20551.0,20511.0,MNml78,ml,,,,T2,15B,,,,,,,,MesoLN,,[61822 64042 90164],,Traced,middle,True,3,True
,,896719,,,Acc. tr flexor MN_L,L,Reviewed,vnc_motor,Acc. tr flexor MN,VFB_jrmc3jgl,,,,,34004.0,,Acc. tr flexor MN,hl,,,,T3,TBD,,,,,,,,MetaLN,,[ 61204  56458 124298],,Traced,hind,True,3,True
,,902310,,800290.0,Pleural remotor/abductor MN_L,L,Reviewed,vnc_motor,Pleural remotor/abductor MN,VFB_jrmc1kns,,,,,15278.0,,Pleural remotor/abductor MN,hl,,,,T3,TBD,,,,,,,,MetaLN,,[ 61148  50588 122236],,Traced,hind,True,4,True
,,902492,,800776.0,Pleural remotor/abductor MN_L,L,Reviewed,vnc_motor,Pleural remotor/abductor MN,VFB_jrmc1ko5,,,,early,17091.0,41482.0,Pleural remotor/abductor MN,ml,,,,T2,TBD,,,,12096.0,800776.0,,,MesoLN,,[61379 63956 92460],,Traced,middle,True,3,True
,,902719,,800776.0,Pleural remotor/abductor MN_R,R,Reviewed,vnc_motor,Pleural remotor/abductor MN,VFB_jrmc1ko1,,,,early,166337.0,41482.0,Pleural remotor/abductor MN,ml,,,,T2,TBD,,,,12096.0,800776.0,,,MesoLN,,[36828 57011 88968],,Traced,middle,True,3,True
,,902962,,800578.0,Fe reductor MN_R,R,Reviewed,vnc_motor,Fe reductor MN,VFB_jrmc2t98,,,,,12113.0,12113.0,Fe reductor MN,hl,,,,T3,24B.25B,,,,11226.0,,,,MetaLN,,[ 39559  54114 125159],,Traced,hind,True,3,True
,,903010,,,Tr flexor MN_R,R,Reviewed,vnc_motor,Tr flexor MN,VFB_jrmc06x5,,,,,21612.0,,Tr flexor MN,fl,,,,T1,24B.25B,,,,,,,,ProAN,,[41256 52458 67668],,Traced,front,True,3,True
,,903090,,801736.0,MNhl62_R,R,Reviewed,vnc_motor,MNhl62,VFB_jrmc20kn,,,,early,17970.0,17970.0,MNhl62,hl,,,,T3,TBD,,,,,,,,AbN1,,[ 40090  59918 120404],,Traced,hind,True,3,True
,,903158,,801057.0,Tr flexor MN_L,L,Reviewed,vnc_motor,Tr flexor MN,VFB_jrmc06xm,,,,,19704.0,15006.0,Tr flexor MN,ml,,,,T2,24B.25B,,,,15006.0,,,,MesoLN,,[62174 61926 88040],,Traced,middle,True,3,True
,,903159,,801057.0,Tr flexor MN_L,L,Reviewed,vnc_motor,Tr flexor MN,VFB_jrmc06xr,,,,,155218.0,15006.0,Tr flexor MN,ml,,,,T2,24B.25B,,,,15006.0,,,,MesoLN,,[61916 61703 91318],,Traced,middle,True,3,True
,,903298,,,Acc. ti flexor MN_L,L,Reviewed,vnc_motor,Acc. ti flexor MN,VFB_jrmc3jfe,,,,,16632.0,,Acc. ti flexor MN,fl,,,,T1,15B,,,,,,,,ProLN,,[60760 57208 63186],,Traced,front,True,3,True
,,903363,,,Ti flexor MN_R,R,Reviewed,vnc_motor,Ti flexor MN,VFB_jrmc0nn8,,,,,167438.0,,Ti flexor MN,ml,,,,T2,15B,,,,,,,,MesoLN,,[38554 62880 90792],,Traced,middle,True,3,True
,,903508,,801477.0,MNml81_L,L,Reviewed,vnc_motor,MNml81,VFB_jrmc20lo,,,,,13036.0,13036.0,MNml81,ml,,,,T2,TBD,,,,13036.0,,,,MesoLN,,[61138 65278 92184],,Traced,middle,True,3,True
,,903579,,819203.0,Tr flexor MN_L,L,Reviewed,vnc_motor,Tr flexor MN,VFB_jrmc06xn,,,,late,167442.0,19983.0,Tr flexor MN,ml,,,,T2,20B.21B.22B,,,,17137.0,,,,MesoLN,,[ 59562  64928 107130],,Traced,middle,True,3,True
,,903642,,801492.0,Sternal posterior rotator MN_R,R,Reviewed,vnc_motor,Sternal posterior rotator MN,VFB_jrmc1a7c,,,,,17947.0,,Sternal posterior rotator MN,hl,,,,T3,20B.21B.22B,,,,,,,,MetaLN,,[ 43982  49185 126899],,Traced,hind,True,3,True
,,903643,,801492.0,Sternal posterior rotator MN_R,R,Reviewed,vnc_motor,Sternal posterior rotator MN,VFB_jrmc1a7m,,,,,11400.0,,Sternal posterior rotator MN,hl,,,,T3,20B.21B.22B,,,,,,,,MetaLN,,[ 43986  46177 123579],,Traced,hind,True,3,True
,,903689,,801946.0,Sternal anterior rotator MN_L,L,Reviewed,vnc_motor,Sternal anterior rotator MN,VFB_jrmc1a79,,,,early,20119.0,20119.0,Sternal anterior rotator MN,ml,,,,T2,TBD,,,,11022.0,800316.0,,,MesoLN,,[62342 57320 87338],,Traced,middle,True,3,True
,,903844,,820632.0,MNml80_R,R,Reviewed,vnc_motor,MNml80,VFB_jrmc20lm,,,,,15616.0,15616.0,MNml80,ml,,,,T2,15B,,,,,,,,MesoLN,,[39042 63030 89003],,Traced,middle,True,3,True
,,904184,,,Sternal adductor MN_L,L,Reviewed,vnc_motor,Sternal adductor MN,VFB_jrmc1a6t,,,,,29483.0,,Sternal adductor MN,hl,,,,T3,TBD,,,,,,,,MetaLN,,[ 61880  60234 117080],,Traced,hind,True,4,True
,,904657,,802864.0,Sternotrochanter MN_L,L,Reviewed,vnc_motor,Sternotrochanter MN,VFB_jrmc1a86,,,,early,26132.0,19094.0,Sternotrochanter MN,ml,,,,T2,17X,,,,18006.0,800504.0,,,MesoLN,,[60872 47080 84507],,Traced,middle,True,3,True
,,905145,,804025.0,Fe reductor MN_R,R,Reviewed,vnc_motor,Fe reductor MN,VFB_jrmc2t94,,,,,16552.0,16552.0,Fe reductor MN,ml,,,,T2,24B.25B,,,,11226.0,,,,MesoLN,,[37426 57092 90228],,Traced,middle,True,3,True
,,905235,,905235.0,Acc. ti flexor MN_R,R,Reviewed,vnc_motor,Acc. ti flexor MN,VFB_jrmc3jga,,,,,,16495.0,Acc. ti flexor MN,ml,,,,T2,15B,,,,12758.0,,,,MesoLN,,[39037 63134 91847],,Traced,middle,True,3,True
,,905236,,820632.0,MNml80_R,R,Reviewed,vnc_motor,MNml80,VFB_jrmc20lj,,,,,16497.0,15616.0,MNml80,ml,,,,T2,15B,,,,,,,,MesoLN,,[38278 62428 92112],,Traced,middle,True,3,True
,,905421,,800776.0,Pleural remotor/abductor MN_L,L,Reviewed,vnc_motor,Pleural remotor/abductor MN,VFB_jrmc1knu,,,,early,21255.0,41482.0,Pleural remotor/abductor MN,ml,,,,T2,TBD,,,,12096.0,800776.0,,,MesoLN,,[62240 60127 90706],,Traced,middle,True,3,True
,,905487,,813603.0,ltm MN_R,R,Reviewed,vnc_motor,ltm MN,VFB_jrmc02tk,,,,,35735.0,35735.0,ltm MN,ml,,,,T2,15B,,,,23016.0,,,,MesoLN,,[37678 62308 90272],,Traced,middle,True,3,True
,,905559,,821494.0,MNml79_R,R,Reviewed,vnc_motor,MNml79,VFB_jrmc20lg,,,,,32253.0,17964.0,MNml79,ml,,,,T2,15B,,,,,,,,MesoLN,,[38846 62230 86132],,Traced,middle,True,3,True
,,905586,,,Acc. tr flexor MN_R,R,Reviewed,vnc_motor,Acc. tr flexor MN,VFB_jrmc3jgm,,,,,19613.0,,Acc. tr flexor MN,hl,,,,T3,TBD,,,,,,,,MetaLN,,[ 43921  48703 125230],,Traced,hind,True,3,True
,,905661,,,Tr extensor MN_R,R,Reviewed,vnc_motor,Tr extensor MN,VFB_jrmc06wt,,,,early,165340.0,100826.0,Tr extensor MN,hl,,,,T3,19A,,,,17930.0,807906.0,,,MetaLN,,[ 44100  44696 114897],,Traced,hind,True,3,True
,,905792,,807160.0,MNhl01_R,R,Reviewed,vnc_motor,MNhl01,VFB_jrmc20kd,,,,early,15735.0,15735.0,MNhl01,hl,,,,T3,TBD,,,,13214.0,807160.0,,,AbN1,,[ 42190  46360 123627],,Traced,hind,True,3,True
,,905849,,804514.0,Tergotr. MN_R,R,Reviewed,vnc_motor,Tergotr. MN,VFB_jrmc0nmh,,,,early,13434.0,13434.0,Tergotr. MN,hl,,,,T3,17X,,,,13434.0,804514.0,,,AbN1,,[ 41138  48482 125066],,Traced,hind,True,3,True
,,905928,,,Tr flexor MN_R,R,Reviewed,vnc_motor,Tr flexor MN,VFB_jrmc06xj,,,,,26883.0,,Tr flexor MN,hl,,,,T3,24B.25B,,,,,,,,MetaLN,,[ 39436  55050 124348],,Traced,hind,True,3,True
,,906235,,801548.0,Sternal anterior rotator MN_R,R,Reviewed,vnc_motor,Sternal anterior rotator MN,VFB_jrmc1a78,,,,early,11022.0,11022.0,Sternal anterior rotator MN,hl,,,,T3,TBD,,,,11022.0,800316.0,,,MetaLN,,[ 39091  55966 122037],,Traced,hind,True,3,True
,,907256,,801492.0,Sternal posterior rotator MN_R,R,Reviewed,vnc_motor,Sternal posterior rotator MN,VFB_jrmc1a7u,,,,,154133.0,,Sternal posterior rotator MN,hl,,,,T3,20B.21B.22B,,,,,,,,MetaLN,,[ 43356  46358 124708],,Traced,hind,True,3,True
,,907387,,822185.0,MNml77_R,R,Reviewed,vnc_motor,MNml77,VFB_jrmc20l8,,,,,30781.0,103416.0,MNml77,ml,,,,T2,15B,,,,,,,,MesoLN,,[38970 62138 87666],,Traced,middle,True,3,True
,,907422,,814983.0,MNml78_L,L,Reviewed,vnc_motor,MNml78,VFB_jrmc20lb,,,,,25956.0,20511.0,MNml78,ml,,,,T2,15B,,,,,,,,MesoLN,,[61322 65098 91253],,Traced,middle,True,3,True
,,907443,,803523.0,ltm1-tibia MN_L,L,Reviewed,vnc_motor,ltm1-tibia MN,VFB_jrmc02tw,,,,,101736.0,,ltm1-tibia MN,ml,,,,T2,15B,,,,13241.0,858248.0,,,MesoLN,,[61151 62276 86811],,Traced,middle,True,3,True
,,907848,,,Acc. ti flexor MN_R,R,Reviewed,vnc_motor,Acc. ti flexor MN,VFB_jrmc3jg6,,,,,14849.0,,Acc. ti flexor MN,ml,,,,T2,15B,,,,,,,,MesoLN,,[37213 61647 88440],,Traced,middle,True,3,True
,,908094,,905235.0,Acc. ti flexor MN_L,L,Reviewed,vnc_motor,Acc. ti flexor MN,VFB_jrmc3jfp,,,,,25212.0,16495.0,Acc. ti flexor MN,ml,,,,T2,15B,,,,12758.0,,,,MesoLN,,[58532 64249 89668],,Traced,middle,True,3,True
,,908673,,807972.0,ltm2-femur MN_R,R,Reviewed,vnc_motor,ltm2-femur MN,VFB_jrmc02ue,,,,,28532466490.0,,ltm2-femur MN,ml,,,,T2,15B,,,,,,,,MesoLN,,[37834 61732 92668],,Traced,middle,True,3,True
,,908762,,,Ti flexor MN_L,L,Reviewed,vnc_motor,Ti flexor MN,VFB_jrmc0nn3,,,,,14468.0,,Ti flexor MN,hl,,,,T3,15B,,,,,,,,MetaLN,,[ 59537  56346 126927],,Traced,hind,True,3,True
,,909078,,814942.0,Tr extensor MN_L,L,Reviewed,vnc_motor,Tr extensor MN,VFB_jrmc06x2,,,,early,30306.0,17930.0,Tr extensor MN,ml,,,,T2,19A,,,,17930.0,807906.0,,,MesoLN,,[58714 46194 93414],,Traced,middle,True,3,True
,,909255,,809670.0,Acc. ti flexor MN_R,R,Reviewed,vnc_motor,Acc. ti flexor MN,VFB_jrmc3jg2,,,,early,39941.0,13784.0,Acc. ti flexor MN,ml,,,,T2,15B,,,,12761.0,809670.0,,,MesoLN,,[39871 63326 88577],,Traced,middle,True,3,True
,,909371,,816018.0,Sternal adductor MN_R,R,Reviewed,vnc_motor,Sternal adductor MN,VFB_jrmc1a6w,,,,,171055.0,13817.0,Sternal adductor MN,ml,,,,T2,TBD,,,,13817.0,,,,MesoLN,,[38463 64016 98065],,Traced,middle,True,3,True
,,909521,,802552.0,Tergotr. MN_R,R,Reviewed,vnc_motor,Tergotr. MN,VFB_jrmc0nmj,,,,,37234.0,,Tergotr. MN,fl,,,,T1,TBD,,,,,,,,VProN,,[38698 48430 74957],,Traced,front,True,3,True
,,909618,,,Acc. tr flexor MN_L,L,Prelim Roughly traced,vnc_motor,Acc. tr flexor MN,VFB_jrmc3jgj,,,,early,26588.0,14783.0,Acc. tr flexor MN,fl,,,,T1,TBD,,,,14783.0,810720.0,,,ProLN,,[57230 58854 65706],,Traced,front,True,3,True
,,909713,,,Acc. ti flexor MN_R,R,Reviewed,vnc_motor,Acc. ti flexor MN,VFB_jrmc3jf3,,,,,16492.0,,Acc. ti flexor MN,fl,,,,T1,15B,,,,,,,,ProLN,,[41699 56352 66017],,Traced,front,True,3,True
,,909831,,,Ti flexor MN_L,L,Reviewed,vnc_motor,Ti flexor MN,VFB_jrmc0nn0,,,,,14798.0,,Ti flexor MN,fl,,,,T1,15B,,,,,,,,ProLN,,[59215 55998 62412],,Traced,front,True,3,True
,,910095,,800589.0,Tr flexor MN_R,R,Reviewed,vnc_motor,Tr flexor MN,VFB_jrmc06y1,,,,,34115.0,,Tr flexor MN,ml,,,,T2,24B.25B,,,,,,,,MesoLN,,[37056 53210 89124],,Traced,middle,True,3,True
,,910178,,803072.0,Ti flexor MN_R,R,Reviewed,vnc_motor,Ti flexor MN,VFB_jrmc0nno,,,,early,12800.0,12585.0,Ti flexor MN,hl,,,,T3,15B,,,,10710.0,,,,MetaLN,,[ 40644  59348 124248],,Traced,hind,True,3,True
,,910296,,,Acc. ti flexor MN_R,R,Reviewed,vnc_motor,Acc. ti flexor MN,VFB_jrmc3jfm,,,,,19260.0,,Acc. ti flexor MN,hl,,,,T3,15B,,,,,,,,MetaLN,,[ 40268  56307 124412],,Traced,hind,True,3,True
,,910334,,822092.0,ltm MN_L,L,Reviewed,vnc_motor,ltm MN,VFB_jrmc02tp,,,,,47642.0,24139.0,ltm MN,fl,,,,T1,15B,,,,23016.0,,,,ProLN,,[60188 56471 62218],,Traced,front,True,3,True
,,911134,,,Acc. tr flexor MN_L,L,Reviewed,vnc_motor,Acc. tr flexor MN,VFB_jrmc3jgb,,,,early,23048.0,14783.0,Acc. tr flexor MN,fl,,,,T1,TBD,,,,14783.0,810720.0,,,ProLN,,[59624 54540 63342],,Traced,front,True,3,True
,,911453,,,ltm MN_L,L,Reviewed,vnc_motor,ltm MN,VFB_jrmc02tc,,,,,173560.0,,ltm MN,fl,,,,T1,15B,,,,,,,,ProLN,,[57668 55331 62201],,Traced,front,True,3,True
,,912694,,804741.0,ltm1-tibia MN_L,L,Reviewed,vnc_motor,ltm1-tibia MN,VFB_jrmc02u0,,,,early,15712.0,10811.0,ltm1-tibia MN,hl,,,,T3,15B,,,,10811.0,804741.0,,,MetaLN,,[ 59706  61846 120248],,Traced,hind,True,3,True
,,914655,,,Tr flexor MN_R,R,Reviewed,vnc_motor,Tr flexor MN,VFB_jrmc06xx,,,,,20673.0,,Tr flexor MN,fl,,,,T1,24B.25B,,,,,,,,ProLN,,[40453 55922 66743],,Traced,front,True,4,True
,,914837,,858248.0,ltm1-tibia MN_R,R,Reviewed,vnc_motor,ltm1-tibia MN,VFB_jrmc02u2,,,,early,15380.0,13241.0,ltm1-tibia MN,hl,,,,T3,15B,,,,13241.0,858248.0,,,MetaLN,,[ 39626  55763 125110],,Traced,hind,True,3,True
,,914852,,,Acc. tr flexor MN_R,R,Reviewed,vnc_motor,Acc. tr flexor MN,VFB_jrmc3jgp,,,,,17693.0,,Acc. tr flexor MN,hl,,,,T3,TBD,,,,,,,,MetaLN,,[ 40525  59149 122434],,Traced,hind,True,3,True
,,919509,,801469.0,Sternal anterior rotator MN_L,L,Reviewed,vnc_motor,Sternal anterior rotator MN,VFB_jrmc1a73,,,,,17176.0,,Sternal anterior rotator MN,fl,,,,T1,TBD,,,,,,,,VProN,,[61576 55176 63756],,Traced,front,True,3,True
,,924142,,803829.0,Tr flexor MN_R,R,Reviewed,vnc_motor,Tr flexor MN,VFB_jrmc06xc,,,,,158769.0,,Tr flexor MN,ml,,,,T2,24B.25B,,,,,,,,MesoLN,,[37342 59182 91512],,Traced,middle,True,3,True
,,924189,,822092.0,ltm MN_R,R,Reviewed,vnc_motor,ltm MN,VFB_jrmc02tq,,,,,154803.0,24139.0,ltm MN,fl,,,,T1,15B,,,,23016.0,,,,ProLN,,[38696 61006 66080],,Traced,front,True,4,True
,,924716,,802552.0,Tergotr. MN_R,R,Reviewed,vnc_motor,Tergotr. MN,VFB_jrmc0nmc,,,,,,,Tergotr. MN,fl,,,,T1,TBD,,,,,,,,VProN,,[39881 50049 70185],,Traced,front,True,3,True
,,927808,,802295.0,Ti flexor MN_L,L,Reviewed,vnc_motor,Ti flexor MN,VFB_jrmc0nni,,,,,153335.0,15623.0,Ti flexor MN,ml,,,,T2,15B,,,,13192.0,,,,MesoLN,,[60044 63737 89430],,Traced,middle,True,3,True
,,927828,,810720.0,Acc. tr flexor MN_L,L,Reviewed,vnc_motor,Acc. tr flexor MN,VFB_jrmc3jgg,,,,early,156180.0,102019.0,Acc. tr flexor MN,ml,,,,T2,TBD,,,,14783.0,810720.0,,,MesoLN,,[60426 65179 92065],,Traced,middle,True,3,True
,,928579,,801234.0,Ti extensor MN_R,R,Reviewed,vnc_motor,Ti extensor MN,VFB_jrmc0nmq,,,,early,,10461.0,Ti extensor MN,ml,,,,T2,TBD,,,,10347.0,800158.0,,,MesoLN,,[37048 58226 89728],,Traced,middle,True,3,True
,,929376,,,Ti flexor MN_L,L,Reviewed,vnc_motor,Ti flexor MN,VFB_jrmc0nn4,,,,,14339.0,,Ti flexor MN,hl,,,,T3,15B,,,,,,,,MetaLN,,[ 60519  62295 120775],,Traced,hind,True,3,True
,,934091,,810535.0,Tergopleural/Pleural promotor MN_L,L,Reviewed,vnc_motor,Tergopleural/Pleural promotor MN,VFB_jrmc0nm1,,,,,13490.0,13464.0,Tergopleural/Pleural promotor MN,fl,,,,T1,08A,,,,,,,,DProN,,[57432 56951 62725],,Traced,front,True,3,True
,,934519,,,Acc. ti flexor MN_L,L,Reviewed,vnc_motor,Acc. ti flexor MN,VFB_jrmc3jfi,,,,,25599.0,,Acc. ti flexor MN,hl,,,,T3,15B,,,,,,,,MetaLN,,[ 59662  62406 121442],,Traced,hind,True,4,True
,,936696,,869369.0,MNhl65_L,L,Reviewed,vnc_motor,MNhl65,VFB_jrmc20ks,,,,,19480.0,13144.0,MNhl65,hl,,,,T3,15B,,,,13036.0,,,,MetaLN,,[ 59826  57610 125260],,Traced,hind,True,4,True
,,939950,,939950.0,MNhl60_R,R,Reviewed,vnc_motor,MNhl60,VFB_jrmc20km,,,,,27205.0,27205.0,MNhl60,hl,,,,T3,TBD,,,,,,,,MetaLN,,[ 39490  58273 124470],,Traced,hind,True,3,True
,,1050003192,,,Acc. ti flexor MN_L,L,Reviewed,vnc_motor,Acc. ti flexor MN,VFB_jrmc3jfj,,,,,14226.0,,Acc. ti flexor MN,hl,,,,T3,15B,,,,,,,,MetaLN,,[ 60287  58876 124226],,Traced,hind,True,4,True
,,1050005026,,,Acc. ti flexor MN_R,R,Reviewed,vnc_motor,Acc. ti flexor MN,VFB_jrmc3jf4,,,,,154804.0,,Acc. ti flexor MN,fl,,,,T1,15B,,,,,,,,ProLN,,[42995 58097 65966],,Traced,front,True,3,True
,,1050013311,,,Ti flexor MN_R,R,Reviewed,vnc_motor,Ti flexor MN,VFB_jrmc0nn7,,,,,22465.0,,Ti flexor MN,hl,,,,T3,15B,,,,,,,,MetaLN,,[ 41353  53423 127010],,Traced,hind,True,3,True
,,1050013851,,,ltm MN_R,R,Reviewed,vnc_motor,ltm MN,VFB_jrmc02ta,,,,,15317.0,,ltm MN,fl,,,,T1,15B,,,,,,,,ProLN,,[41936 59979 67368],,Traced,front,True,4,True
,,1050015101,,822092.0,ltm MN_R,R,Reviewed,vnc_motor,ltm MN,VFB_jrmc02tb,,,,,27078.0,24139.0,ltm MN,fl,,,,T1,15B,,,,23016.0,,,,ProLN,,[38999 59390 66620],,Traced,front,True,3,True
,,1050031705,,,Ti flexor MN_R,R,Reviewed,vnc_motor,Ti flexor MN,VFB_jrmc0nmx,,,,,,,Ti flexor MN,fl,,,,T1,15B,,,,,,,,ProLN,,[40835 60766 66955],,Traced,front,True,3,True
,,1050032839,,,Acc. ti flexor MN_R,R,Reviewed,vnc_motor,Acc. ti flexor MN,VFB_jrmc3jfv,,,,,,,Acc. ti flexor MN,hl,,,,T3,15B,,,,,,,,MetaLN,,[ 40870  56542 126104],,Traced,hind,True,3,True
,,1050038433,,,Acc. tr flexor MN_L,L,Reviewed,vnc_motor,Acc. tr flexor MN,VFB_jrmc3jgd,,,,,37741.0,,Acc. tr flexor MN,hl,,,,T3,TBD,,,,,,,,MetaLN,,[ 61382  54234 124069],,Traced,hind,True,4,True
,,1050046221,,820632.0,MNml80_L,L,Reviewed,vnc_motor,MNml80,VFB_jrmc20ll,,,,,25956.0,15616.0,MNml80,ml,,,,T2,15B,,,,,,,,MesoLN,,[61334 62796 87606],,Traced,middle,True,3,True
,,1050080384,,,ltm MN_L,L,Reviewed,vnc_motor,ltm MN,VFB_jrmc02tf,,,,,14343.0,,ltm MN,hl,,,,T3,15B,,,,,,,,MetaLN,,[ 61107  58185 123989],,Traced,hind,True,4,True
,,1050088257,,,Ti flexor MN_L,L,Reviewed,vnc_motor,Ti flexor MN,VFB_jrmc0nn5,,,,,,,Ti flexor MN,hl,,,,T3,15B,,,,,,,,MetaLN,,[ 60609  58145 124802],,Traced,hind,True,3,True
,,1050091102,,,ltm MN_R,R,Reviewed,vnc_motor,ltm MN,VFB_jrmc02th,,,,,11480.0,,ltm MN,hl,,,,T3,15B,,,,,,,,MetaLN,,[ 41562  55220 127490],,Traced,hind,True,3,True
,,1050091581,,,Acc. ti flexor MN_R,R,Reviewed,vnc_motor,Acc. ti flexor MN,VFB_jrmc3jf5,,,,,18963.0,,Acc. ti flexor MN,fl,,,,T1,15B,,,,,,,,ProLN,,[42516 58914 66288],,Traced,front,True,3,True
,,1050098047,,,Tr flexor MN_R,R,Reviewed,vnc_motor,Tr flexor MN,VFB_jrmc06xk,,,,,40443.0,,Tr flexor MN,hl,,,,T3,24B.25B,,,,,,,,MetaLN,,[ 39260  57643 122501],,Traced,hind,True,3,True
,,1050100010,,,Ti flexor MN_L,L,Reviewed,vnc_motor,Ti flexor MN,VFB_jrmc0nnk,,,,,12585.0,,Ti flexor MN,hl,,,,T3,15B,,,,,,,,MetaLN,,[ 59956  56414 126012],,Traced,hind,True,3,True
,,1050102118,,,Acc. tr flexor MN_R,R,Reviewed,vnc_motor,Acc. tr flexor MN,VFB_jrmc3jgn,,,,,96565.0,,Acc. tr flexor MN,hl,,,,T3,TBD,,,,,,,,MetaLN,,[ 40582  52272 126137],,Traced,hind,True,4,True
,,1050111955,,820110.0,Ta levator MN_L,L,Reviewed,vnc_motor,Ta levator MN,VFB_jrmc0nlx,,,,,25674.0,15446.0,Ta levator MN,fl,,,,T1,15B,,,,13036.0,,,,ProLN,,[58314 58228 64240],,Traced,front,True,3,True
,,1050115387,,,Acc. ti flexor MN_L,L,Reviewed,vnc_motor,Acc. ti flexor MN,VFB_jrmc3jff,,,,,15791.0,,Acc. ti flexor MN,fl,,,,T1,15B,,,,,,,,ProLN,,[59769 57882 63519],,Traced,front,True,3,True
,,1050119039,,814983.0,MNml78_L,L,Reviewed,vnc_motor,MNml78,VFB_jrmc20la,,,,,30709.0,20511.0,MNml78,ml,,,,T2,15B,,,,,,,,MesoLN,,[59014 63565 88765],,Traced,middle,True,3,True
,,1050123559,,,Acc. ti flexor MN_L,L,Reviewed,vnc_motor,Acc. ti flexor MN,VFB_jrmc3jfk,,,,,27733.0,,Acc. ti flexor MN,hl,,,,T3,15B,,,,,,,,MetaLN,,[ 61070  60480 122854],,Traced,hind,True,3,True
,,1050126678,,,Acc. ti flexor MN_R,R,Reviewed,vnc_motor,Acc. ti flexor MN,VFB_jrmc3jg5,,,,,14824.0,,Acc. ti flexor MN,fl,,,,T1,15B,,,,,,,,ProLN,,[41236 58844 67314],,Traced,front,True,4,True
,,1050139141,,,Acc. tr flexor MN_L,L,Reviewed,vnc_motor,Acc. tr flexor MN,VFB_jrmc3jgr,,,,,22487.0,,Acc. tr flexor MN,hl,,,,T3,TBD,,,,,,,,MetaLN,,[ 60505  54407 124988],,Traced,hind,True,3,True
,,1050151215,,814983.0,MNml78_L,L,Reviewed,vnc_motor,MNml78,VFB_jrmc20ld,,,,,167919.0,20511.0,MNml78,ml,,,,T2,15B,,,,,,,,MesoLN,,[60840 62512 90026],,Traced,middle,True,3,True
,,1050156705,,,Acc. ti flexor MN_R,R,Reviewed,vnc_motor,Acc. ti flexor MN,VFB_jrmc3jfs,,,,,19048.0,,Acc. ti flexor MN,fl,,,,T1,15B,,,,,,,,ProLN,,[39646 60675 66568],,Traced,front,True,3,True
,,1050160514,,,Acc. ti flexor MN_R,R,Reviewed,vnc_motor,Acc. ti flexor MN,VFB_jrmc3jg0,,,,,20593.0,,Acc. ti flexor MN,hl,,,,T3,15B,,,,,,,,MetaLN,,[ 40640  56892 124949],,Traced,hind,True,4,True
,,1050160593,,,MNml76_R,R,Reviewed,vnc_motor,MNml76,VFB_jrmc20l6,,,,,156505.0,,MNml76,ml,,,,T2,15B,,,,,,,,MesoLN,,[37662 61434 87506],,Traced,middle,True,4,True
,,1050166426,,,Ti flexor MN_L,L,Reviewed,vnc_motor,Ti flexor MN,VFB_jrmc0nn6,,,,,15038.0,,Ti flexor MN,hl,,,,T3,15B,,,,,,,,MetaLN,,[ 59765  58660 125602],,Traced,hind,True,3,True
,,1050174251,,857751.0,ltm2-femur MN_R,R,Reviewed,vnc_motor,ltm2-femur MN,VFB_jrmc02uf,,,,,14773.0,,ltm2-femur MN,hl,,,,T3,15B,,,,,,,,MetaLN,,[ 41355  58055 125877],,Traced,hind,True,3,True
,,1050189039,,,Ti flexor MN_R,R,Reviewed,vnc_motor,Ti flexor MN,VFB_jrmc0nmy,,,,,13283.0,,Ti flexor MN,fl,,,,T1,15B,,,,,,,,ProLN,,[34466 59516 68190],,Traced,front,True,3,True
,,1050194310,,1050194310.0,Tr flexor MN_L,L,Reviewed,vnc_motor,Tr flexor MN,VFB_jrmc06xe,,,,,166171.0,17137.0,Tr flexor MN,hl,,,,T3,20B.21B.22B,,,,17137.0,,,,MetaLN,,[ 59032  49971 125601],,Traced,hind,True,3,True
,,1050202259,,869369.0,MNhl65_L,L,Reviewed,vnc_motor,MNhl65,VFB_jrmc20kr,,,,,,13144.0,MNhl65,hl,,,,T3,15B,,,,13036.0,,,,MetaLN,,[ 60550  59468 122726],,Traced,hind,True,3,True
,,1050202461,,,Acc. ti flexor MN_R,R,Reviewed,vnc_motor,Acc. ti flexor MN,VFB_jrmc3jg1,,,,,12725.0,,Acc. ti flexor MN,hl,,,,T3,15B,,,,,,,,MetaLN,,[ 39416  56662 124586],,Traced,hind,True,4,True
,,1050203465,,,ltm MN_R,R,Reviewed,vnc_motor,ltm MN,VFB_jrmc02ti,,,,,29950.0,,ltm MN,hl,,,,T3,15B,,,,,,,,MetaLN,,[ 41016  57790 124391],,Traced,hind,True,3,True
,,1050233038,,,Acc. ti flexor MN_L,L,Reviewed,vnc_motor,Acc. ti flexor MN,VFB_jrmc3jfl,,,,,25885.0,,Acc. ti flexor MN,hl,,,,T3,15B,,,,,,,,MetaLN,,[ 58398  62309 120541],,Traced,hind,True,4,True
,,1050239701,,,Acc. tr flexor MN_L,L,Reviewed,vnc_motor,Acc. tr flexor MN,VFB_jrmc3jgo,,,,,,,Acc. tr flexor MN,hl,,,,T3,TBD,,,,,,,,MetaLN,,[ 62246  56671 122218],,Traced,hind,True,3,True
,,1050248133,,,Ta depressor MN_R,R,Reviewed,vnc_motor,Ta depressor MN,VFB_jrmc0nln,,,,,20373.0,,Ta depressor MN,fl,,,,T1,15B,,,,,,,,ProLN,,[39546 58350 66771],,Traced,front,True,4,True
,,1050251718,,805309.0,ltm2-femur MN_R,R,Reviewed,vnc_motor,ltm2-femur MN,VFB_jrmc02uc,,,,,15720.0,,ltm2-femur MN,fl,,,,T1,15B,,,,,,,,ProLN,,[39777 61728 66968],,Traced,front,True,3,True
,,1050263576,,,Acc. ti flexor MN_L,L,Reviewed,vnc_motor,Acc. ti flexor MN,VFB_jrmc3jft,,,,,12759.0,,Acc. ti flexor MN,hl,,,,T3,15B,,,,,,,,MetaLN,,[ 58914  59522 125082],,Traced,hind,True,3,True
,,1050268065,,,Acc. ti flexor MN_R,R,Reviewed,vnc_motor,Acc. ti flexor MN,VFB_jrmc3jf6,,,,,20605.0,,Acc. ti flexor MN,fl,,,,T1,15B,,,,,,,,ProLN,,[39867 59679 66742],,Traced,front,True,3,True
,,1050272154,,,,L,Reviewed,vnc_motor,,VFB_jrmc3kra,,,,,,,,hl,,,,T3,,,,,,,,,MetaLN,,[ 60411  56229 124895],,Traced,hind,True,3,True
,,1050274189,,939950.0,MNhl60_L,L,Reviewed,vnc_motor,MNhl60,VFB_jrmc20kl,,,,,100824.0,27205.0,MNhl60,hl,,,,T3,TBD,,reconstruction state mcns,,,,,,MetaLN,,[ 59396  59354 125604],,Traced,hind,True,4,True
,,1050303231,,,Ti flexor MN_R,R,Reviewed,vnc_motor,Ti flexor MN,VFB_jrmc0nnp,,,,,12474.0,,Ti flexor MN,hl,,,,T3,15B,,,,,,,,MetaLN,,[ 39898  59056 123628],,Traced,hind,True,3,True
,,1050306082,,,Acc. tr flexor MN_R,R,Reviewed,vnc_motor,Acc. tr flexor MN,VFB_jrmc3jgt,,,,,13563.0,,Acc. tr flexor MN,fl,,,,T1,TBD,,,,,,,,ProLN,,[42786 60138 66974],,Traced,front,True,4,True
,,1050335829,,808011.0,Sternal posterior rotator MN_L,L,Reviewed,vnc_motor,Sternal posterior rotator MN,VFB_jrmc1a7i,,,,early,,21241.0,Sternal posterior rotator MN,fl,,,,T1,20B.21B.22B,,,,21241.0,,,,ProAN,,[61784 62264 81966],,Traced,front,True,3,True
,,1050340850,,,,R,Reviewed,vnc_motor,,VFB_jrmc3kre,,,,,16658.0,,,fl,,,,T1,15B,,,,,,,,ProLN,,[35621 57728 68665],,Traced,front,True,3,True
,,1050349786,,,Acc. tr flexor MN_R,R,Reviewed,vnc_motor,Acc. tr flexor MN,VFB_jrmc3jgu,,,,,22729.0,,Acc. tr flexor MN,fl,,,,T1,TBD,,,,,,,,ProLN,,[40976 57470 66304],,Traced,front,True,3,True
,,1050380236,,,Ta depressor MN_R,R,Reviewed,vnc_motor,Ta depressor MN,VFB_jrmc0nlo,,,,,26658.0,,Ta depressor MN,fl,,,,T1,15B,,,,,,,,ProLN,,[41887 58698 67145],,Traced,front,True,3,True
,,1050403926,,,Ta depressor MN_L,L,Reviewed,vnc_motor,Ta depressor MN,VFB_jrmc0nlq,,,,,15023.0,,Ta depressor MN,fl,,,,T1,15B,,,,,,,,ProLN,,[58980 57030 63504],,Traced,front,True,3,True
,,1050460102,,,Acc. ti flexor MN_R,R,Reviewed,vnc_motor,Acc. ti flexor MN,VFB_jrmc3jfw,,,,,21991.0,,Acc. ti flexor MN,hl,,,,T3,15B,,,,,,,,MetaLN,,[ 41686  54698 127100],,Traced,hind,True,3,True
,,1050493413,,818399.0,Sternal posterior rotator MN_R,R,Prelim Roughly traced,vnc_motor,Sternal posterior rotator MN,VFB_jrmc1a7e,,,,early,28219.0,28219.0,Sternal posterior rotator MN,hl,,,,T3,20B.21B.22B,,,,11529.0,804851.0,,,MetaLN,,[ 43130  45748 123886],,Traced,hind,True,3,True
,,1050607195,,821769.0,Fe reductor MN_L,L,Reviewed,vnc_motor,Fe reductor MN,VFB_jrmc2t8z,,,,,158681.0,,Fe reductor MN,ml,,,,T2,TBD,,,,,,,,MesoLN,,[61337 61916 88910],,Traced,middle,True,3,True
,,1050615112,,830039.0,ltm2-femur MN_L,L,Reviewed,vnc_motor,ltm2-femur MN,VFB_jrmc02ua,,,,early,15818.0,16711.0,ltm2-femur MN,fl,,,,T1,15B,,,,14343.0,815498.0,,,ProLN,,[60936 58892 65760],,Traced,front,True,3,True
,,1050660827,,,Ta depressor MN_L,L,Reviewed,vnc_motor,Ta depressor MN,VFB_jrmc0nlu,,,,,166374.0,,Ta depressor MN,fl,,,,T1,15B,,,,,,,,ProLN,,[59960 57280 64948],,Traced,front,True,3,True
,,1050669248,,801057.0,Tr flexor MN_L,L,Reviewed,vnc_motor,Tr flexor MN,VFB_jrmc06xs,,,,,153315.0,15006.0,Tr flexor MN,ml,,,,T2,24B.25B,,,,15006.0,,,,MesoLN,,[62298 60448 89568],,Traced,middle,True,3,True
,,1050673969,,,MNml80_R,R,Reviewed,vnc_motor,MNml80,VFB_jrmc20li,,,,,18664.0,,MNml80,ml,,,,T2,15B,,,,,,,,MesoLN,,[39590 63652 91175],,Traced,middle,True,3,True
,,1050730563,,,Acc. tr flexor MN_L,L,Reviewed,vnc_motor,Acc. tr flexor MN,VFB_jrmc3jge,,,,,24668.0,,Acc. tr flexor MN,hl,,,,T3,TBD,,,,,,,,MetaLN,,[ 58684  62154 121664],,Traced,hind,True,4,True
,,1050815462,,,Ta depressor MN_R,R,Reviewed,vnc_motor,Ta depressor MN,VFB_jrmc0nlp,,,,,26777.0,,Ta depressor MN,fl,,,,T1,15B,,,,,,,,ProLN,,[39032 60494 66270],,Traced,front,True,4,True
,,1050938258,,1050194310.0,Tr flexor MN_R,R,Reviewed,vnc_motor,Tr flexor MN,VFB_jrmc06xl,,,,,17137.0,17137.0,Tr flexor MN,hl,,,,T3,20B.21B.22B,,,,17137.0,,,,MetaLN,,[ 43114  47024 125964],,Traced,hind,True,3,True
,,1051054875,,818996.0,Sternal posterior rotator MN_L,L,Reviewed,vnc_motor,Sternal posterior rotator MN,VFB_jrmc1a7g,,,,early,172408.0,11529.0,Sternal posterior rotator MN,ml,,,,T2,20B.21B.22B,,,,11529.0,804851.0,,,MesoLN,,[ 56482  55686 103578],,Traced,middle,True,3,True
,,1051062549,,825721.0,Ta depressor MN_L,L,Reviewed,vnc_motor,Ta depressor MN,VFB_jrmc0nlr,,,,,,15434.0,Ta depressor MN,fl,,,,T1,15B,,,,,,,,ProLN,,[62156 58700 65931],,Traced,front,True,3,True
,,1051236875,,,Acc. tr flexor MN_L,L,Reviewed,vnc_motor,Acc. tr flexor MN,VFB_jrmc3jgc,,,,,23117.0,,Acc. tr flexor MN,hl,,,,T3,TBD,,,,,,,,MetaLN,,[ 60732  56770 125156],,Traced,hind,True,3,True
,,1051356801,,805568.0,Acc. ti flexor MN_L,L,Reviewed,vnc_motor,Acc. ti flexor MN,VFB_jrmc3jg4,,,,,21262.0,,Acc. ti flexor MN,ml,,,,T2,15B,,,,,,,,MesoLN,,[60510 63250 88542],,Traced,middle,True,3,True
,,1051367796,,,Tr flexor MN_L,L,Reviewed,vnc_motor,Tr flexor MN,VFB_jrmc06x6,,,,,158694.0,,Tr flexor MN,fl,,,,T1,20B.21B.22B,,,,,,,,ProAN,,[62436 62366 82026],,Traced,front,True,3,True
,,1051670893,,818719.0,Tr flexor MN_L,L,Reviewed,vnc_motor,Tr flexor MN,VFB_jrmc06xb,,,,,26613.0,,Tr flexor MN,fl,,,,T1,20B.21B.22B,,,,,,,,ProAN,,[62030 61786 80931],,Traced,front,True,3,True
,,1051680335,,852881.0,,L,Reviewed,vnc_motor,,VFB_jrmc3kr9,,,,,13192.0,,,hl,,,,T3,,,,,,,,,MetaLN,,[ 59552  58728 124996],,Traced,hind,True,3,True
,,1052407897,,,,R,Reviewed,vnc_motor,,VFB_jrmc3krd,,,,,16203.0,,,fl,,,,T1,09A,,,,,,,,ProLN,,[45456 57268 68424],,Traced,front,True,4,True
,,1052521030,,805568.0,Acc. ti flexor MN_R,R,Reviewed,vnc_motor,Acc. ti flexor MN,VFB_jrmc3jg7,,,,,16017.0,,Acc. ti flexor MN,ml,,,,T2,15B,,,,,,,,MesoLN,,[38132 62390 88608],,Traced,middle,True,3,True
,,1057471940,,818553.0,ltm1-tibia MN_R,R,Reviewed,vnc_motor,ltm1-tibia MN,VFB_jrmc02u1,,,,early,166385.0,13952.0,ltm1-tibia MN,fl,,,,T1,15B,,,,10811.0,804741.0,,,ProLN,,[44570 58856 66821],,Traced,front,True,3,True
,,1059707690,,,Acc. ti flexor MN_R,R,Reviewed,vnc_motor,Acc. ti flexor MN,VFB_jrmc3jfn,,,,,13170.0,,Acc. ti flexor MN,hl,,,,T3,15B,,,,,,,,MetaLN,,[ 39823  56288 123029],,Traced,hind,True,3,True
